-- phpMyAdmin SQL Dump
-- version 4.1.14
-- http://www.phpmyadmin.net
--
-- Хост: 127.0.0.1
-- Время создания: Май 12 2016 г., 19:25
-- Версия сервера: 5.6.17
-- Версия PHP: 5.5.12

SET SQL_MODE = "NO_AUTO_VALUE_ON_ZERO";
SET time_zone = "+00:00";


/*!40101 SET @OLD_CHARACTER_SET_CLIENT=@@CHARACTER_SET_CLIENT */;
/*!40101 SET @OLD_CHARACTER_SET_RESULTS=@@CHARACTER_SET_RESULTS */;
/*!40101 SET @OLD_COLLATION_CONNECTION=@@COLLATION_CONNECTION */;
/*!40101 SET NAMES utf8 */;

--
-- База данных: `shop`
--

-- --------------------------------------------------------

--
-- Структура таблицы `categories`
--

CREATE TABLE IF NOT EXISTS `categories` (
  `id` int(11) NOT NULL AUTO_INCREMENT,
  `name` varchar(255) NOT NULL,
  `parent_id` int(11) DEFAULT NULL,
  PRIMARY KEY (`id`),
  KEY `parent_name` (`parent_id`)
) ENGINE=InnoDB  DEFAULT CHARSET=utf8 AUTO_INCREMENT=63 ;

--
-- Дамп данных таблицы `categories`
--

INSERT INTO `categories` (`id`, `name`, `parent_id`) VALUES
(1, 'Домашние животные', NULL),
(5, 'Сельскохозяйственные животные', NULL),
(6, 'Экзотические животные', NULL),
(7, 'Товары для животных', NULL),
(9, 'Крупный рогатый скот', 5),
(10, 'Козы, овцы', 5),
(11, 'Свиньи', 5),
(13, 'Лошади', 5),
(15, 'Кролики', 5),
(16, 'Нутрии', 5),
(18, 'Куры, гуси, утки, индейки', 5),
(19, 'Пауки', 6),
(21, 'Улитки', 6),
(22, 'Бабочки', 6),
(24, 'Рептилии', 6),
(29, 'Жабы, лягушки', 6),
(31, 'Львы', 6),
(32, 'Хорьки', 6),
(33, 'Шиншиллы', 6),
(35, 'Лисы', 6),
(36, 'Олени', 6),
(37, 'Еноты', 6),
(38, 'Обезьяны', 6),
(39, 'Кошки', 1),
(40, 'Собаки', 1),
(41, 'Рыбки', 1),
(42, 'Морские свинки', 1),
(43, 'Попугаи', 1),
(44, 'Декоративные кролики', 1),
(47, 'Другие', 1),
(48, 'Другие', 6),
(49, 'Другие', 5),
(50, 'Корм', 7),
(51, 'Одежда для животных', 7),
(52, 'Игрушки', 7),
(53, 'Сумки-переноски', 7),
(54, 'Когтеточки', 7),
(55, 'Клетки', 7),
(56, 'Аквариумы, террариумы', 7),
(57, 'Поводки и ошейники', 7),
(58, 'Посуда', 7),
(59, 'Гигиенические наполнители для туалета', 7),
(60, 'Туалеты, Пеленки, Памперсы', 7),
(61, 'Спальное место', 7),
(62, 'Другое', 7);

-- --------------------------------------------------------

--
-- Структура таблицы `cities`
--

CREATE TABLE IF NOT EXISTS `cities` (
  `id` int(11) NOT NULL AUTO_INCREMENT,
  `city` varchar(255) NOT NULL,
  PRIMARY KEY (`id`)
) ENGINE=InnoDB  DEFAULT CHARSET=utf8 AUTO_INCREMENT=25 ;

--
-- Дамп данных таблицы `cities`
--

INSERT INTO `cities` (`id`, `city`) VALUES
(1, 'Киев'),
(2, 'Винница'),
(3, 'Днепропетровск'),
(4, 'Донецк'),
(5, 'Житомир'),
(6, 'Запорожье'),
(7, 'Ивано-Франковск'),
(8, 'Кировоград'),
(9, 'Луганск'),
(10, 'Луцк'),
(11, 'Львов'),
(12, 'Николаев'),
(13, 'Одесса'),
(14, 'Полтава'),
(15, 'Ровно'),
(16, 'Сумы'),
(17, 'Тернополь'),
(18, 'Ужгород'),
(19, 'Харьков'),
(20, 'Херсон'),
(21, 'Хмельницкий'),
(22, 'Черкассы'),
(23, 'Чернигов'),
(24, 'Черновцы');

-- --------------------------------------------------------

--
-- Структура таблицы `delivery`
--

CREATE TABLE IF NOT EXISTS `delivery` (
  `id` int(11) NOT NULL AUTO_INCREMENT,
  `delivery_type` varchar(255) NOT NULL,
  PRIMARY KEY (`id`)
) ENGINE=InnoDB  DEFAULT CHARSET=utf8 AUTO_INCREMENT=4 ;

--
-- Дамп данных таблицы `delivery`
--

INSERT INTO `delivery` (`id`, `delivery_type`) VALUES
(1, 'Доставка на отделение почты'),
(2, 'Курьерская доставка по адресу'),
(3, 'Самовывоз');

-- --------------------------------------------------------

--
-- Структура таблицы `goods`
--

CREATE TABLE IF NOT EXISTS `goods` (
  `id` int(11) NOT NULL AUTO_INCREMENT,
  `name` varchar(255) NOT NULL,
  `description` longtext NOT NULL,
  `short_description` text NOT NULL,
  `cost` decimal(10,0) NOT NULL,
  `count` int(11) NOT NULL,
  `photo` varchar(255) NOT NULL,
  `category_id` int(11) NOT NULL,
  PRIMARY KEY (`id`),
  KEY `category_id` (`category_id`)
) ENGINE=InnoDB  DEFAULT CHARSET=utf8 AUTO_INCREMENT=88 ;

--
-- Дамп данных таблицы `goods`
--

INSERT INTO `goods` (`id`, `name`, `description`, `short_description`, `cost`, `count`, `photo`, `category_id`) VALUES
(1, 'Гигансткая сухопутная улитка Гигансткая улитка — Альбино, Иммакулята', 'Улитка Ахатина.\r\nДля содержания подойдет аквариум или пищевой лоток.\r\nКушают фрукты, овощи, зелень, любят порошок из скорлупы яиц.\r\nГрунт – кокосовый субстрат.\r\nСоль — смертельна для улиток.\r\nПреимущества содержания улиток:\r\n– Лечение и омоложение кожи (Слизь улитки содержит в своем составе аминокислоты, витамины, алантоин, эластин, коллаген, натуральные антибиотики. ) Разглаживает рубцы. Стимулирует регенерацию. )\r\n– Не шумят.\r\n–  Прекрасны анализаторы. Лучше любой лаборатории определяют наличие нитратов и пестицидов в продуктах.\r\n– Как и аквариумные рыбки снимают напряжение, но проще в содержании.\r\n– Не вызывают аллергии.\r\n– Не занимают много места\r\n– Можно на долго оставлять отъезжая в отпуск или командировку, 3 недели (впадают в анабиоз).\r\n– Живут до 10 лет. Общительны, запоминают хозяев.', 'Улитка Ахатина.\r\nДля содержания подойдет аквариум или пищевой лоток.\r\nКушают фрукты, овощи, зелень, любят порошок из скорлупы яиц.\r\nГрунт – кокосовый субстрат.\r\nСоль — смертельна для улиток.', '50', 129, '1.jpg', 21),
(2, 'Гигантская Африканская улитка ахатина-размер в ладошку.', 'Если вы хотите завести неприхотливого домашнего питомца, который своим присутствием принесет радость, а не хлопоты, то улитка ахитина не разочарует вас. Интересное животное относится к классу сухопутных брюхоногих моллюсков и знаменито своими огромными размерами. Несмотря на экзотическую наружность улитка ахитина цена является недорогой. Параметры гигантской африканской улитки зависят от ее условий содержания. Размеры самой крупной особи были занесены в Книгу рекордов Гинесса и составили в 500 ― 600 гр.\r\n\r\nУход\r\n\r\nУлитка ахитина Киев нуждается в определенных условиях обитания, которые очень легко создать. Лучше всего приобрести животному террариум, в котором необходимо постоянно поддерживать влажность. Закройте емкость стеклянной крышкой и поставьте туда чашу с водой. Оптимальной температурой воздуха террариума считается 25 градусов. В качестве подстилки следует выбирать специальный наполнитель который можно купить в нашем интернет магазине перейдя здесь . Его необходимо менять по мере загрязнения. Также можно купить панцырь каракатицы-сепию минеральный камень который обеспечить ахатин всеми необходимыми минеральными компонетнами который можно посмотреть перейдя сюда Также есть полноценное питание  деликатес,белок для роста улитки Гаммарус  на этой странице.\r\n\r\nУлитки ахитины любят принимать водные процедуры. Купать их можно прямо из под крана. Чтобы животное не испугалось, лучше выбирать слабый напор струи с теплой водичкой. Такое пристрастие необычных питомцев особенно нравится детям. Если вы решите улитка ахитина купить, то доставите много радости себе и  своему малышу.\r\n\r\nКормление\r\n\r\nАхитины являются всеядными, поэтому подбирать специальный для них рацион не нужно. Разнообразные фрукты, овощи, каши, травы ― это то, от чего улитка никогда не откажется. Периодически необходимо давать животному немного мяса, рыбу и яичный белок. Однако существую продукты, которые стоит исключить из меню моллюска ― это острая, соленая, сладкая, копченая и маринованная еда. Подобная пища может привести к тому, что ахитина откажется от привычных продуктов вовсе. Если улитка будет употреблять овощи с ярким окрасом, как помидор, морковь или болгарский перец, то расцветка ее панциря станет насыщенной и красивой. Молодых улиток кормят пару раз в неделю. Не бойтесь перекормить животного. Оно знает норму и лишнего не съест. Сепия минеральный камень и Гаммарус можно купить для улиток у нас.\r\n\r\nНесмотря на свои внушительные параметры ахитины очень добрые и ласковые животные. Они безопасны для детей и взрослых. Продажа улитки ахитины в специализированном зоомагазине позволяет приобрести здоровую и полноценную особь, которая способна радовать хозяев своим присутствием 5-10 лет.', 'Если вы хотите завести неприхотливого домашнего питомца, который своим присутствием принесет радость, а не хлопоты, то улитка ахитина не разочарует вас. Интересное животное относится к классу сухопутных брюхоногих моллюсков и знаменито своими огромными размерами. Несмотря на экзотическую наружность улитка ахитина цена является недорогой. Параметры гигантской африканской улитки зависят от ее условий содержания. Размеры самой крупной особи были занесены в Книгу рекордов Гинесса и составили в 500 ― 600 гр.', '100', 345, '2.jpg', 21),
(3, 'Яркий паук птицеед Брахипелма Смитти BrahipelmaSmithi', 'Характеристики Brachypelma smithi:\r\n\r\nРазмер взрослой особи:  Самки данного вида могут вырастать до 7.5-8 сантиметров по телу и 15-16 сантиметров в размахе лап.\r\n\r\nСкорость роста: Птицееды вида Brachypelma smithi достигают половой зрелости очень долго, даже для своего рода. Самцы около 2-3 лет, самки и того больше от 4 до 5 лет.\r\n\r\nСроки жизни:  Сроки жизни у Brachypelma smithi радуют, это свыше 20 лет для самок, и 3-4 года для самцов, даже для птицеедов это достаточно долго.\r\n\r\nРазновидность:  Brachypelma smithi как и другие пауки из рода Brachypelma, являются наземниками, хотя в естественных условиях они часто роют норы, в террариумах это редкость.\r\n\r\nРаздражающие волоски: Присутствуют, B. smithi не стесняется ими пользоваться, могут вызывать зуд и раздражение при попадании на кожу.\r\n\r\nЯд: Яд, как и у всех птицеедов, конечно присутствует, но не опасный для человека. Укус паука, сравним с укусом осы или пчелы. Опасность может представлять в случае наличия у человека аллергии на укусы пчел и ос.\r\n\r\nАгрессивность и опасность:  Brachypelma smithi один из самых спокойных пауков птицеедов, не отличается активностью, или свирепым характером, при опасности может счесывать раздражающие волоски, но укусить все же может, так что соблюдайте осторожность при манипуляциях с Brachypelma smithi.', 'Brachypelma smithi (произносится брахипельма смити) является одним из самых ярких и запоминающихся пауков птицеедов всего рода Brachypelma, это один из первых пауков птицеедов покоривших сердца людей по всему миру еще в 1970 и 1980 годах. ', '60', 45, '3.jpg', 19),
(4, 'Poecilotheria metallica паук птицеед', 'Как и другие птицееды, Poecilotheria regalis не строят ловчих сетей. В ночное время они активно охотятся, обнаруживая жертву (преимущественно, насекомых) по вибрациям, которые пауки воспринимают осязательными щетинками на ногах. Днём Poecilotheria regalis укрываются в дуплах высоких деревьев, которые выстилают паутиной в форме воронки.\r\n\r\nВ неволе самцы достигают половой зрелости в возрасте года-полутора и обычно гибнут после первого же сезона размножения. Самки становятся половозрелыми значительно позже — в возрасте 2,5—3 лет, они живут до 12—15 лет и размножаются дважды в год, откладывая по 100—200 яиц за кладку.', 'Poecilotheria regalis  — вид пауков из семейства пауков-птицеедов. Достигают 18 см в размахе ног. Распространены в Индии: от Западных Гхат на севере до Кочина на юге. Вид приурочен преимущественно к естественным зарослям, хотя в поисках самок половозрелые самцы иногда заходят в сельскохозяйственные угодья. Популяции этого вида сильно разобщены ввиду разрушения естественной среды обитания.', '850', 14, '4.jpg', 19),
(5, 'Brachypelma vagans', 'Эффектный крупный паук с контрастной окраской, особенно у перелинявших экземпляров. Головогрудь и лапы черные, брюшко покрыто густыми и короткими волосками рыжего или красноватого оттенка. В природе распространен в Мексике, Гватемале, Сальвадоре. Населяет разнообразные биотопы: степи, низинные лиственные и вечнозеленые леса. Ведет наземный образ жизни. Длина туловища до 7 см, размах ног до 16 см. Растет не быстро, половой зрелости достигает к 2 годам. Содержат при температуре 25-28 грдусов и умеренной влажности - до 70%. Легко размножается, высокопродуктивен (до 1000 яиц в коконе). Может быть быстрым и даже агрессивным.', 'Brachypelma vagans это один из не самых заурядных представителей рода Brachypelma, этот птицеед довольно сильно отличается характером и манерой поведения от своих собратьев. Brachypelma vagans в отличии, например от Brachypelma albopilosum, может быть очень быстрым и даже агрессивным, так же ему свойственно еще одно отличие от стереотипа рода Brachypelma: Brachypelma vagans может рыть норы и жить в них.', '70', 45, '5.jpg', 19),
(6, 'Хамелеон глобифер -Calumma globifer', 'Населяет деревья и кустарники по краю тропического леса Восточного Мадагаскара, поднимаясь в горы до 1300 м над уровнем моря. Шлем большой, у самца имеются пара маленьких выростов на морде, у самок выросты еще меньше. Основные тона тела — зеленый и желто-зеленый.\r\n\r\nПри содержании требуются высокая влажность и хорошая вентиляция. В одном террариуме можно содержать пару хамелеонов (в ряде источников указывается на агрессивность этого вида). Дневная температура не должна превышать 26—27°, а ночная быть на 10—15 °С ниже. Самки откладывают одну кладку из 20—50 яиц. Инкубация при 21 °С около 8 месяцев. Половозрелыми хамелеоны становятся тоже в 8 месяцев.', 'Хамелеон глобифер (Calumma globifer)-Животное среднего размера, максимальная длина с хвостом не более 38 см.', '2800', 33, '6.jpg', 24),
(7, 'Мадагаскарский дневной ГЕККОН.Phelsuma madagascariensis', 'Фельзумы (Phelsuma spp.) - дневные гекконы распространены на острове Мадагаскар и некоторых близлежащих островах. Обитают в лесах и ведут исключительно дневной образ жизни.\r\n\r\nPhelsuma madagascariensis grandis (Мадагаскарская фельзума великолепная), подвид мадагаскарской фельзумы, выделяющаяся крупными размерами, относительно других дневных гекконов, достигает длины 28 сантиметров. Обитает на севере Мадагаскара, встречается на некоторых близлежащих островах. Самцы крупнее самок, бедренные поры у них очень хорошо развиты. Основной фон окраски ярко-зелёный.\r\n\r\nХарактерный признак - симметричные красные полосы, которые тянутся от ноздрей к глазам, продолжаясь окантовкой глаза с задней стороны. На верхней части головы обычно крупное красное пятно, и на спине могут присутствовать красные и коричнево-красные пятны шки, которые, сливаясь на середине спины, образуют несколько коротких поперечных полос.', 'Фельзумы (Phelsuma spp.) - дневные гекконы распространены на острове Мадагаскар и некоторых близлежащих островах. Обитают в лесах и ведут исключительно дневной образ жизни.', '3000', 67, '7.jpg', 24),
(8, 'Варан смарагдовый (Varanus prasinus)', 'Названия: зеленый древесный варан, изумрудный варан, смарагдовый варан.\r\n\r\nСмарагдовый варан - красивая и изящная ящерица. В неволе этот вид варанов размножается крайне редко. В природе вараны обитают в основном на деревьях и питаются птицами, ящерицами и мелкими грызунами (иногда поедают и лангустов). Смарагдовый варан довольно активен.\r\n\r\nВаранов, пойманных в природе, трудно кормить и за ними тяжело ухаживать. Выращенные в неволе смарагдовые вараны не столь агрессивны, как большинство других видов варанов.\r\n\r\nСмарагдовый варан - красивая ящерица. У них острые и большие когти, с помощью которых вараны лазают по деревьям. Взрослый варан достигает в длину до 90 см.\r\n\r\nТеррариум для содержания смарагдового варана должен быть высоким, с большим количеством растений и деревьев (обильно покрытых листвой), по которым варан будет лазать. Хорошо для этой цели подходят искусственные растения, но живые растения помогают поддерживать необходимую влажность (не менее 70%). Раз в несколько дней нужно распылять пресную воду над растениями и субстратом. Дневная температура 29,4-32,2''C, температура в области обогрева - более 37,7''C.', 'Названия: зеленый древесный варан, изумрудный варан, смарагдовый варан.\r\n\r\nСмарагдовый варан - красивая и изящная ящерица. В неволе этот вид варанов размножается крайне редко. В природе вараны обитают в основном на деревьях и питаются птицами, ящерицами и мелкими грызунами (иногда поедают и лангустов). Смарагдовый варан довольно активен.', '6875', 49, '8.jpg', 24),
(9, 'Геккон новокаледонский (Rhacodactylis cilliatus),Новокаледонский реснитчатый геккон', 'Геккон новокаледонский (Rhacodactylis cilliatus) давно и успешно разводиться в Украине.\r\n\r\nРаспространение: острова Новая Каледония. Обитает в тропических лесах, где большую часть времени проводит на стволах деревьев. Длина 12 - 15 сантиметров. Окраска однотонная, светло-бежевая, оливковая, зелёная или красноватая, иногда с мелкими тёмными пятнышками по спинной стороне тела. Голова широкая, уплощённая, треугольной формы. Над глазами ряд тонких шипиков, напоминающих реснички. Такие же ряды заострённых чешуй идут от края глаза к височной области, придавая животному очень своеобразный облик. Глаза очень крупные, выразительные, с тёмным вертикальным зрачком. Хвост укороченный, слегка уплощенный и закруглённый на конце. С помощью него животное может подвешиваться на ветвях и вертикальных поверхностях.\r\nУсловия содержания такие же, как и для ушастого геккона. В отличие от большинства других гекконов движется неторопливо, хорошо прыгает, отталкиваясь задними лапами. Реснитчатые гекконы спокойно относятся к тому, что их берут в руки.\r\n\r\nЭти некрупные ящерицы, прекрасно уживающиеся парами в небольших вертикальных террариумах, питаются как животными, так и растительными кормами: почти половину их рациона должны составлять сладкие мягкие фрукты (бананы, груши и др.), а остальную часть – насекомые (тараканы или сверчки).', 'Геккон новокаледонский (Rhacodactylis cilliatus).Новокаледонские гекконы, или гекконы-бананоеды-род ящериц из обитающих в Новой Каледонии.', '400', 65, '9.jpg', 24),
(10, 'Синалоаская королевская змея', 'Размеры\r\n70-122 см.\r\n\r\nАреал\r\nМексика: штаты Чиуауа, Синалоа, Дуранго и Наярит.\r\n\r\nБиотоп и образ жизни в природе\r\nСухие леса, склоны гор, поймы рек и ручьев, кустарники. Наземная, подстилочная змея, день проводит в норах и других укрытиях, охотится в сумеречные, ночные и утренние часы.\r\n\r\nРазличия полов\r\nПринципиальных различий в размерах и окраске самцов и самок не существует. У самцов хвост длинный с характерным утолщением у основания, от анального отверстия он цилиндрический, затем переходит в конус. У самок хвост короче, без утолщения у основания, конусообразный.\r\n\r\nСодержание\r\nДля королевских змей необходим террариум горизонтального типа для животных Палеарктики. Минимальный размер террариума для одной змеи – 50×40×40 см (без учета высоты светильника). Температура в теплом углу днем до 30-32°С, ночью 23-25°С, поддерживается с помощью термошнура или термоковрика. В террариуме необходимо установить кювету с водой, где змея могла бы спокойно плавать и замокать в период линьки. Укрытия – произвольной формы: домики, полочки и т. п. В теплом углу укрытия помещают в кювету со сфагнумом, для поддержания влажности и возможности для змеи зарыться. В холодном углу укрытие должно быть сухим. Грунт в террариуме не обязателен, но можно использовать гравий, крупный песок, кокосовый субстрат, или застилать дно террариума фильтровальной бумагой. Раз в день террариум следует опрыскивать теплой водой, сфагнум постоянно поддерживать влажным. Содержать змей следует поодиночке.\r\n\r\nКормление\r\nВ природе питаются мелкими грызунами, другими змеями, ящерицами, молодые змеи – почти исключительно ящерицами. Бывают случаи каннибализма, поэтому в неволе рекомендуется держать змей в отдельных террариумах.\r\nВ террариумных условиях королевских змей кормят лабораторными мышами, хомяками. Молодым предлагают новорожденных мышат и мелких ящериц. Кормление производят, примерно, раз в пять дней, после того, как змея переварила предыдущие корма и хорошо прогадилась. Пьют они воду, для чего регулярно следует менять ее в искусственном водоеме террариума. Вместе с кормами необходимо давать различные минеральные добавки, например: толченую яичную скорлупу, кальций. В поилку можно добавлять минеральную воду ("Боржоми"). Не чаще одного раза в месяц с кормом предлагать концентрированные витаминные препараты. Хорошо сбалансированные подкормки для рептилий давать согласно инструкции.', 'Название "королевские змеи" для всех представителей рода обусловлено их бесспорной красотой. Название "молочная змея" – дань народным поверьям о змеях пьющих коровье молоко. Синалоа – штат Мексики, где обитает этот подвид.', '570', 12, '10.jpg', 24),
(11, 'Анаконда парагвайская', 'Внешний вид\r\nНекоторые взрослые парагвайские анаконды достигают в длину до 4,5 метров. Обычно самки вырастают до 3,6 метра (вес до 45 кг), а самцы до 2,4 метра.\r\nОкрас анаконд: маслиновый, желтый или желто-зеленый. На продолговатой голове пять полос, средняя из них переходит на спину. На хвосте поперечные полосы. Боковой рисунок состоит из мелких круглых пятен. Живот от светло-бежевого до желтого, покрыт мелким крапом.\r\n\r\nАреал обитания\r\nПарагвайская анаконда обитает в Южной Америке (Парагвай, Уругвай, Северная Аргентина, Боливия, южная Бразилия).\r\nПредпочитает тропические и субтропические леса, реки со слабым течением, озера, заболоченные участки и заводи.\r\n\r\nОбраз жизни\r\nПредпочитая воду, парагвайская анаконда ведет водный образ жизни. В редких случаях заползает на деревья. Активна в течение суток, с наступлением сумерек активность возрастает. В засушливый период закапывается в ил. Это самая мелкая из всех видов анаконд. Глаза расположены вверху головы, что указывает на ее водный образ жизни.\r\nВ природе увидеть анаконд довольно трудно, поскольку они ведут скрытный образ жизни. При любой опасности змеи быстро уходят в воду, а под водой парагвайская анаконда может находиться довольно долгое время.\r\nВ то время когда другие виды могут съесть целого оленя, диета парагвайской анаконды состоит из мелких животных, например, цапель, амфибий, грызунов, кайманов, рыбы, уток и мелких рептилий. Хотя эта анаконда предпочитает охотиться на живую добычу, она не гнушается и падалью.', 'Размер: 90-110см\r\n\r\nСистематика\r\nАнаконда парагвайская, или южная анаконда, или жёлтая анаконда (Eunectes notaeus)\r\nКласс — рептилии\r\nОтряд — чешуйчатые\r\nСемейство — ложноногие\r\nРод – анаконды', '1200', 3, '11.jpg', 24),
(12, 'Тропическая бабочка Morpho', 'Разноцветные бабочки, которые вылетают из подарочной коробки останутся в памяти надолго.\r\n\r\nИздавна считалось, что если загадать желание и нашептать его прекрасной бабочке, то желание непременно сбудется.\r\n\r\nСалют из живых бабочек будет шикарным украшением свадьбы, так как считается, что две бабочки представляют собой влюбленную пару и являются символом любви и семейного очага.\r\nПредставьте себе кульминационный момент — жених с невестой открывают подарочную коробку и из нее вылетают порхающие красавицы, именно поэтому многие называют это зрелище – салютом из бабочек. Бабочки порхают по залу, завораживая взгляды гостей, и садятся на источники света и яркие ткани.\r\nВажным условием для салюта из бабочек является температурный режим: +22-25°С.\r\nЖивые бабочки также могут быть подарком при признании в любви, на день рождения, юбилей и другие мероприятия.', 'Важным условием для салюта из бабочек является температурный режим: +22-25°С.\r\nЖивые бабочки также могут быть подарком при признании в любви, на день рождения, юбилей и другие мероприятия.', '300', 8, '12.jpg', 22),
(13, 'Papilio palinurus\r\n"Зеленополосая бабочка-павлин"', 'Papilio Мемнона — крупная красивая бабочка семейства Махаонов. В Юго-Восточной Азии живут 13 ее подвидов. \r\nСамки Мормоны - полиморфны. Пару лет назад в лондонском историческом музее появилась на свет двуполая бабочка этой породы.\r\n\r\nУ бабочек есть пол. Но Мормоны порой рождаются двуполыми. Не верите? Читайте далее.\r\n\r\nИх тельца разделены полоской, словно бы разделяющей инь и ян в этом странном существе. Мужское и женское начало отличаются друг от друга. Это более, чем странно видеть! Когда я впервые прочитала об этом - не сразу поверила. Но, отправившись в музей, явно увидела различие. Половинка, принадлежащая женскому - яркая, красочная. Вторая лишена броскости. Честно говоря, долго не могла отвести взгляд от этой картины. Нечто мистическое, нереальное, быть может, даже философское, в разделении одного живого организма на два противоположных пола.\r\n\r\nПричиной двуполости является неправильное распределение хромосом в процессе оплодотворения и созревании яйцеклетки. \r\n\r\nЦикл жизни бабочек Мормон всего 1 месяц.\r\n\r\nПроцент появления бабочек – гермафродитов составляет всего 0,01%. По словам Люка Брауна, любителя и знатока бабочек, он просто отскочил к стене, когда увидел, кто вылупился из куколки. Кстати, этот человек построил первый в своей жизни дом для бабочек, когда ему было всего семь лет! В этом доме на свет появилось более 300 000 насекомых. Из всего количества только три особи оказались двуполыми. По-научному такие экземпляры называются гинандроморфамами.', 'Яркое сияние бирюзовой полосы эффектно подчеркивает классической форму широких крыльев. Полет стремительный и быстрый. Размах крыльев до 12 см.\r\nВстречается в Бирме, Индонезии.', '580', 4, '13.jpg', 22),
(14, 'ЖАБА АГА (Bufo marinus)', 'Естественный ареал жабы-аги — от реки Рио-Гранде в Техасе до центральной Амазонии и северо-восточного Перу. Помимо этого, агу для борьбы с насекомыми-вредителями специально завезли на восточное побережье Австралии (главным образом, восточный Квинсленд и побережье Нового Южного Уэльса), в южную Флориду, на Папуа-Новую Гвинею, Филиппины, японские острова Огасавара и Рюкю и на многие Карибские и тихоокеанские острова, включая Гавайи (в 1935 году) и Фиджи. Ага может жить в диапазоне температур 5—40 °C.\r\nЖабы-аги встречаются от песчаных приморских дюн до опушек тропических лесов и мангровых зарослей. В отличие от других земноводных они постоянно встречаются в солоноватых водах устьев рек по побережью и на островах. За это ага и получила своё научное название — Bufo marinus, «морская жаба». Сухая, ороговевшая кожа аги плохо пригодна для газообмена, и, как следствие, её лёгкие — одни из самых развитых среди амфибий. Ага может пережить потерю запасов воды в теле до 50 %. Как и все жабы, день она предпочитает проводить в убежищах, выходя на охоту в сумерках. Образ жизни в основном одиночный. Передвигается ага короткими быстрыми прыжками. Занимая оборонительную позицию, раздуваются.\r\n\r\nНа взрослых аг охотятся крокодилы, пресноводные лангусты, водяные крысы, вороны, цапли и прочие животные, которые невосприимчивы к их яду. Головастиков поедают нимфы стрекоз, водные жуки, некоторые черепахи и змеи. Многие хищники съедают только язык жабы, либо выедают живот, который содержит менее ядовитые внутренние органы.', 'Ага — вторая из самых крупных жаб (самая большая — жаба Бломберга): длина её тела достигает 24 см (обычно 15—17 см), масса — более килограмма. Самцы немного мельче самок. Кожа у аги сильно ороговевшая, бородавчатая. Окраска неяркая: сверху тёмно-бурая или серая с большими тёмными пятнами; брюхо желтоватое, с частыми бурыми пятнышками. Характерны большие околоушные железы по бокам головы, которые вырабатывают ядовитый секрет, и костные надглазничные гребни. Кожистые перепонки имеются только на задних лапах. Подобно другим ночным видам, у жабы-аги горизонтальные зрачки.', '550', 67, '14.jpg', 29),
(15, 'Шпорцевые лягушки', 'Шпорцевая лягушка - очень древнее животное, она относится к семейству Пиповых (Pipidae), возникшему ещё 160 млн. лет назад. Шпорцевые лягушки живут в Африке к югу от Сахары в прудах, болотах и других мелких стоячих водоёмах, но иногда встречаются и в таких больших озерах как Виктория. Из воды эти земноводные почти никогда не выходят, только в сухой сезон они могут мигрировать в ещё не пересохшие водоёмы. Шпорцевая лягушка имеет уплощённую голову с выпуклыми глазами и огромным ртом, маленькие четырёхпалые передние и мощные пятипалые задние конечности, три внутренних пальца которых вооружены чёрными коготками, а пальцы соединены перепонками. Эти животные имеют коричневую или оливковую спину с тёмными пятнами и белое брюхо. В неволе выведены полностью белые лягушки - альбиносы. Обычно в длину достигают около 8 см, но встречаются и особи покрупнее - до 13 см. Самцы меньше самок. Питается лягушка любой подходящей по размеру животной пищей - мелкой рыбёшкой, червями, насекомыми и их личинками, даже разложившимися останками животных.\r\n\r\nВодный образ жизни не мог не сказаться на строении этих амфибий. У наземных лягушек и жаб в области паха и на брюхе имеется скопление мелких кровеносных сосудов, именуемое паховым пятном, предназначенное для всасывания влаги из почвы. Шпорцевая же лягушка его лишена, так как обитает в водной среде и от недостатка влаги не страдает, ей, наоборот, надо воспрепятствовать проникновению в организм излишков воды, и поэтому ее кожа покрыта толстым слоем слизи. Также приспособлением к водному образу жизни является боковая линия, доставшаяся лягушке в наследство от предков - рыб. Она воcпринимает малейшие колебания воды и помогает земноводным охотиться.', 'Шпорцевая лягушка - очень древнее животное, она относится к семейству Пиповых (Pipidae), возникшему ещё 160 млн. лет назад. Шпорцевые лягушки живут в Африке к югу от Сахары в прудах, болотах и других мелких стоячих водоёмах, но иногда встречаются и в таких больших озерах как Виктория. Из воды эти земноводные почти никогда не выходят, только в сухой сезон они могут мигрировать в ещё не пересохшие водоёмы.', '58', 77, '15.jpg', 29),
(16, 'Африканский лев', 'В ранних классификациях традиционно выделялось 12 подвидов льва, крупнейшим из которых являлся барбарийский лев. При этом основными отличительными признаками животных считались различия в общих размерах и внешнем виде гривы. Однако, поскольку разница в данных характеристиках весьма незначительна, а в пределах ареала каждого подвида отмечена индивидуальная изменчивость, в последние годы авторы считают часть данных подвидов недействительными. В настоящее время чаще всего принято выделять только 8 подвидов, один из которых, капский лев. Митохондриальная изменчивость у львов, обитающих в Африке, слишком низкая, что позволяет всех особей, живущих к югу от Сахары, считать одним подвидом, который, в свою очередь, можно разделить на две клады: в первую входят львы, обитающие к западу от Великой рифтовой долины, а во вторую — обитающие к востоку от неё. Львы из района Цаво в восточной Кении по генетическому сходству находятся гораздо ближе ко львам из Трансвааля (регион в Южной Африке), чем ко львам из Абердэра в западной Кении.', 'Вид хищных млекопитающих, один из четырёх представителей рода пантер (Panthera), относящегося к подсемейству больших кошек (Pantherinae) в составе семейства кошачьих (Felidae). Является наряду с тигром самой крупной из ныне живущих кошек — масса некоторых самцов может достигать 250 кг', '35000', 3, '16.jpg', 31),
(17, 'Ручные декоративные хорьки', 'Ручные декоративные хорьки разных окрасок - осенний выводок по супер цене! Хоречки собственного разведения, полностью ручные, игривые, здоровые, не кусаются. Декоративные хорьки это маленькое чудо - Малыши невероятно потешные, ласковые и дружелюбные. Декоративные хорьки (фретки) в домашних условиях очень чистоплотны, в туалет ходят на лоток как кошки. Хорьки есть разных окрасок ( соболь стандарт, перламутр, серебро; пастель, барсук, панда)\r\n\r\nХорек (фретка) - это комок энергии и позитива, с таким другом Вы всегда будете в центре внимания, хоречек умеет поднять настроение при любых обстоятельствах.', '1,5 месячные ручные хорьки, декоративные хорята ручные малыши (от 580 грн)', '580', 67, '17.jpg', 32);
INSERT INTO `goods` (`id`, `name`, `description`, `short_description`, `cost`, `count`, `photo`, `category_id`) VALUES
(18, 'Хорек, Фретка', 'Хорьки, фретки. После собаки и кошки хорек признан третьим по популярности домашним животным. И если к нам мода на хорьков пришла довольно недавно, то в США уже в 1990 году держали около 7 миллионов (!) хорей. Впервые же жить рядом с человеком хорьки начали едва ли не 2 тыс. лет назад. Домашний декоративный хорек называется фретка.Фретка не является одомашненной копией своих диких сородичей, а в значительной мере отличается от них телосложением и манерой поведения. Домашние хорьки – веселые, игривые и любопытные существа. Они обожают куда-нибудь залезать и во что-нибудь зарываться, не умеют высоко прыгать, но в длину способны преодолевать в прыжке расстояние до метра. Несмотря на свой живой нрав, хорьки очень много спят – буквально по 20 часов в сутки. Хотя все куньи, несмотря на свои, как правило, небольшие размеры, весьма свирепые хищники. Хорек – едва ли не самый мирный из них. Он легче всего приручается и наиболее дружелюбен как по отношению к своим сородичам, так и к человеку, а при том, что кровожадность куньих прежде всего зависит от того, насколько они голодны, в сытом домашнем хорьке вряд ли проснутся «дурные наклонности». Однако содержать хорька дома все же сложнее, чем кошку или собаку. Но причиной тому не злобный, а как раз любознательный нрав. Хорьки обожают залезать во все узкие щели (ведь в природе они живут в норах) и воровать мелкие предметы, так что, прежде чем привести нового пушистого жильца в свой дом, вам придется всерьез заняться уборкой. Можно, конечно, решить, что проще большую часть времени держать хорька в клетке, но они – свободолюбивые животные, так что клетка хороша будет только как недолговременное убежище. И даже не используемая для долговременного содержания клетка должна быть довольно просторной и вмещать в себя лоток, миску, поилку, спальное место, гамак. Для того же, чтобы хорек не таскал все подряд мелкие предметы, лучше снабдить его специальными игрушками. Однако ни резиновые, ни меховые для таких целей не подойдут, так как, если хорек отгрызет от них что-нибудь и сожрет, это может привести к закупорке желудочно-кишечного тракта. Именно поэтому надо внимательно относиться и к легко доступным предметам в комнатах, где бывает хорек: хрупкие вещи, цветы, электрические провода, моющие средства и медицинские препараты – все это лучше убрать подальше. Но кусает хорек не только разные вещи, а, заигравшись, вполне может не рассчитать силу укуса. Чтобы проступки не повторялись, хорю сразу необходимо указать на то, что он что-то сделал неправильно. Один из возможных способов – это, взяв его за шкирку, встряхнуть, сопроводив свое действие запрещающим словом. Однако, все животные в значительно меньшей степени, чем люди, чувствительны к боли. Самое незащищенное место у них в этом отношении – нос. Поэтому, если необходимо сделать зверьку серьезное внушение, можно щелкнуть его пальцем по носу. В качестве других методов экзекуции подойдут удар газетой, холодный душ в морду или принудительное помещение в клетку. Как и любого питомца, хорька необходимо начинать обучать хорошим манерам с самого детства. При этом не стоит, умиляясь зверушкой, проявлять излишнее мягкосердечие, иначе все в доме начнет происходить по зверушкиным правилам. Другой повод для ссор с любимцем, помимо шалостей и укусов, - это хождение в туалет. Подобно кошке, хорек вполне приучаем к лотку. Лучше всего сначала поставить лоток в клетке, чтобы хорек научился использовать его на маленькой территории. Когда же хорек свободно перемещается по квартире, лучше расставить несколько лотков в разных местах. Но следует помнить, что хорьки не гадят в тех же местах, где спят и едят, а многие из них к тому же чистюли, так что нельзя забывать регулярно чистить лотки. Когда же хорек все таки использует для своих целей неположенные места, лучше всего ловить его сразу с поличным, иначе он может просто не осознать, за что же его наказали. Если же вы видите, что хорек начинает пятиться и поднимает хвост – немедленно несите его к лотку. И все-таки даже приученный хорек в период взросления или, оказавшись в новом доме, может использовать неположенные места под туалет, просто вредничая или желая самоутвердиться. Тем не менее, за каждое удачное попадание следует поощрять хорька, чем-нибудь его угощая. Метод пряника при решении любых воспитательных задач может оказаться куда эффективней, чем метод кнута. Роль пряника для хорька отлично может сослужить кусочек овоща или фрукта, наши человеческие сладости, а также колбаса или сосиски им противопоказаны. Вообще нельзя забывать, что хорек – животное плотоядное, при этом кишечник у него очень короткий, а метаболизм идет крайне быстро, так что волокнистая растительная богатая клетчаткой пища для него не подходит. Еда хорька должна содержать белки, жиры, углеводы, минеральные вещества и витамины.К сожалению, вопрос относительно оптимального для хорьков питания до сих пор до конца не изучен, а промышленное производство кормов для них началось только около 10 лет назад. Относительно того, какой же рацион лучше всего подойдет вашему питомцу, существует множество различных, зачастую исключающих друг друга мнений, поэтому о том, чем же кормить хорька, лучше проконсультироваться с ветеринаром или заводчиком. Стоит понимать, что здоровье и продолжительность жизни хорька непосредственно зависят от того, чем вы его кормите, так что если вам удастся успешно разобраться в этом вопросе, вы сможете обеспечить своему любимцу долгую и активную жизнь, а он в свою очередь подарит вам множество положительных эмоций и приятных минут. Хотя содержание хорька в домашних условиях – задача не слишком простая, если вы действительно на это готовы, все ваши усилия окупятся сторицей. Хорьки – милые, игривые и любознательные животные, неизменно вызывающие улыбки умиления у окружающих, когда вы, например, прогуливаете своего питомца на шлейке по улице.', 'Хорьки, фретки. После собаки и кошки хорек признан третьим по популярности домашним животным. И если к нам мода на хорьков пришла довольно недавно, то в США уже в 1990 году держали около 7 миллионов (!) хорей. Впервые же жить рядом с человеком хорьки начали едва ли не 2 тыс. лет назад. Домашний декоративный хорек называется фретка.Фретка не является одомашненной копией своих диких сородичей, а в значительной мере отличается от них телосложением и манерой поведения. Домашние хорьки – веселые, игривые и любопытные существа. Они обожают куда-нибудь залезать и во что-нибудь зарываться, не умеют высоко прыгать, но в длину способны преодолевать в прыжке расстояние до метра.', '1800', 21, '18.jpg', 32),
(19, 'Шиншилла', 'Чтобы обеспечить шиншилле нормальные условия для жизни в условиях квартиры, необходимо соблюдать ряд правил и учитывать особенности грызуна. Температурный режим для шиншилл. Оптимальная температура помещения — 18—20 °C. Температура 25 °C — критическая, при 30-32 °C зверек может получить тепловой удар и погибнуть. В комнате не должно быть сквозняков, но должен быть всегда свежий воздух. Влажность воздуха — 50—60 %. Режим дня шиншилл. Шиншиллы ведут сумеречный образ жизни, а днем (в светлое время суток) спят, поэтому необходимо создать им условия для этого. Осторожность в звуковых и световых раздражителях. Шиншиллы пугливы: очень громкие звуки музыки, внезапное включение яркого света или очень резкий хлопок могут привести к стрессу и болезни или даже к смерти зверька, поэтому возле клетки, пока он не привыкнет к атмосфере дома, нельзя делать резких движений, кричать, включать яркий свет. Известен случай смерти шиншиллы от того что на неё мяукнул кот. Место для клетки или витрины. Высота клетки или витрины должна быть не менее 70 см, ширина — 50 см, чтобы зверек мог бегать и прыгать. Клетка должна находиться вдали от отопительных приборов, не стоять вплотную к торцевой стене дома и не на сквозняке. Уборка. Мусор в клетке нужно убирать ежедневно, генеральную уборку проводить раз в неделю. Купание шиншилл. Для купания шиншиллы понадобится специальный песок (цеолит, или — сепиолит), похожий на пыль, который можно купить в зоомагазине. А в живой природе используется пыль вулканического происхождения. Кормление шиншилл. Кроме гранулированного корма и сена, которые составляют основной рацион, шиншилле необходимы веточки для стачивания зубов, специальные соляные колесики, витамины, полезные лакомства (вяленые одуванчики, листья крапивы, сушеные дольки яблока, сушеный шиповник, боярышник). Вода в поилке должна быть всегда чистая и свежая, с альпийских гор, либо бутилированная, либо отфильтрованная, очищенная.Доставка по Украине. Более детально о шиншиллах далее. Шиншилла Еще совсем недавно об этом зверьке мы знали только то, что из его меха делают самые дорогие в мире шубы. И почти никто не знал, а как она выглядит, шиншилла. И вот за 10 лет они прочно зарекомендовали себя в качестве домашнего любимца. Но много ли мы о них знаем и знаем ли вообще? Вот выдержка из энциклопедического словаря: «Шиншиллы (Chinchilla), род грызунов сем. шиншилловых. Длина тела 22-38 см, хвоста 7-15 см. Голова крупная, глаза большие, уши округлые (5-6 см), усы длинные. Задние конечности четырёхпалые, вдвое длиннее передних пятипалых. Зубов 20, в том числе 16 коренных, растущих в течение всей жизни. Мех густой, ровный, до 3 см длины, очень мягкий, на спине и боках голубовато-серый с тёмной вуалью, на брюшке белый. Сезонный и половой диморфизм отсутствует. Два вида: длиннохвостая Ш. и короткохвостая Ш. Распространены в пустынном высокогорье Анд в Чили, Перу, Боливии и Аргентине. Живут колониями в расщелинах скал. Деятельны ночью в течение всего года. Питаются травами, кустарниками и кактусами. Самка рождает 1-3 раза в год, в среднем по 2 детёныша (от 1 до 6).', 'Чтобы обеспечить шиншилле нормальные условия для жизни в условиях квартиры, необходимо соблюдать ряд правил и учитывать особенности грызуна. Температурный режим для шиншилл. Оптимальная температура помещения — 18—20 °C. Температура 25 °C — критическая, при 30-32 °C зверек может получить тепловой удар и погибнуть. В комнате не должно быть сквозняков, но должен быть всегда свежий воздух. Влажность воздуха — 50—60 %.', '500', 53, '19.jpg', 33),
(20, 'Шиншилла - белый окрас', 'Шиншилла-белого окораса.Умные и красивые животные.Мы предлагаем шиншилл в возрасте от трех месяцев. За это время у детенышей формируется иммунитет. Шиншилла-белого окораса. У большинства людей шиншиллы ассоциируются с меховыми шубами, а шиншилловоды представляются жестокими циничными людьми. Мы спешим разрушить этот миф. Шиншилла может быть домашним животным, наряду с кошкой или собакой. У этого зверька есть целый ряд преимуществ, по сравнению с другими домашними питомцами. - Приятный и необыкновенно шелковистый на ощупь, бархатный на вид - мех - У шиншиллы нет потовых и сальных желез поэтому она не имеет запаха - У шиншиллы нет сезонной линьки, поэтому это самое гипоалергенное животное - У шиншиллы всегда чистый мех - Шиншиллы не кусают человека - Шиншиллы не царапаются - Продолжительность жизни шиншиллы в природе до 35 лет - Шиншиллы хорошо поддаются обучению и воспитанию - Кормить шиншиллу в домашних условиях надо всего один раз в день', 'Шиншилла может быть домашним животным, наряду с кошкой или собакой. У этого зверька есть целый ряд преимуществ, по сравнению с другими домашними питомцами. - Приятный и необыкновенно шелковистый на ощупь, бархатный на вид мех.', '580', 55, '20.jpg', 33),
(21, 'Шиншилла ', 'Шиншилла маленькое неалегенное животное.Шиншилла прекрасный подарок себе и ребенку.ШИНШИЛЛА ЧЕРНЫЙ БАРХАТ.Покупка такого зверька, как шиншилла, является довольно ответственным моментом. Если вы впервые решили завести этого своеобразного зверька, рекомендуется тщательно ознакомиться с правилами ухода и содержания этого животного. Оцените свои возможности, сможете ли вы создать все необходимые условия для хорошего существования этого милого зверька. Шиншиллы идеально подходят для содержания в домашних условиях, они отличаются своим добродушием и веселым настроением. Они очень редко кусаются и незлобивые. Эти зверьки легко поддаются дрессировке и очень быстро становятся ручными. Живут шиншиллы достаточно долго, до 20 лет, хорошо размножаются и очень редко болеют. Помимо этого зверьки довольно красивые и приятны на ощупь, ведь у них мягкий и шелковистый мех. Именно такой мех не вызывает аллергической реакции, ведь зверек не линяет. Шиншиллы, как и их выделения, не имеют неприятного запаха, что также является огромным плюсом для домашнего животного.', 'иншиллы идеально подходят для содержания в домашних условиях, они отличаются своим добродушием и веселым настроением. Они очень редко кусаются и незлобивые. Эти зверьки легко поддаются дрессировке и очень быстро становятся ручными.', '850', 12, '21.jpg', 33),
(22, '2-ух месячные ручные енотики, енот полоскун', 'Ручные енотики малыши - осенний выводок по суппер цене! На днях нашим енотикам исполняется 2 месяца, малыши собственного разведения, полностью ручные, потому как докормлены из бутылочки человеком, и человек им роднее матери. Малыши невероятно потешные, ласковые и дружелюбные. Енот полоскун - это чуда, как маленький ребеночек, игривый веселый очаровательный дружок. Еноты в домашних условиях очень чистоплотны, в туалет ходят на лоток как кошки, еноты всеядны, поэтому по кормлению никаких сложностей не возникнет.\r\n\r\nЕнот полоскун - это комок энергии и позитива, с таким другом Вы всегда будете в центре внимания, енотик умеет поднять настроение при любых обстоятельствах.', 'Ручные енотики малыши - осенний выводок по суппер цене! На днях нашим енотикам исполняется 2 месяца, малыши собственного разведения, полностью ручные, потому как докормлены из бутылочки человеком, и человек им роднее матери.', '15780', 78, '22.jpg', 37),
(23, 'Ручные еноты малыши', 'Ручные енотики малыши - осенний выводок по суппер цене! На днях нашим енотикам исполняется 2 месяца, малыши собственного разведения, полностью ручные, потому как докормлены из бутылочки человеком, и человек им роднее матери. Малыши невероятно потешные, ласковые и дружелюбные. Енот полоскун - это чуда, как маленький ребеночек, игривый веселый очаровательный дружок. Еноты в домашних условиях очень чистоплотны, в туалет ходят на лоток как кошки, еноты всеядны, поэтому по кормлению никаких сложностей не возникнет.\r\n\r\nЕнот полоскун - это комок энергии и позитива, с таким другом Вы всегда будете в центре внимания, енотик умеет поднять настроение при любых обстоятельствах.', 'Енот полоскун - это комок энергии и позитива, с таким другом Вы всегда будете в центре внимания, енотик умеет поднять настроение при любых обстоятельствах.', '17890', 16, '23.jpg', 37),
(24, 'Олени Мунтжак', 'Мунтжаки Длина тела 89—135 см, длина хвоста 13—23 см, высота в холке 40— 65 см, масса 40—50 кг. Тело приземистое на относительно коротких ногах, спина округлая. Шея короткая. Профиль головы прямой. На конце морды расположен безволосый участок кожи. Глаза и уши - средних размеров. Вершины ушей округлые. У самцов имеются простые (с очень небольшим надглазничным и иногда двумя концевыми отростками) рога длиной 4—25 см. Пеньки рогов очень длинные и далеко выступают за задний край черепа, рога же короткие с 1—3 отростками.\r\nЗадние конечности длиннее передних. Боковые копыта маленькие. Волосяной покров почти без пуха, низкий и редкий у особей, обитающих в тропиках и более высокий и густой у особей из северных частей ареала. Окраска спины от желтовато- или серовато-охристой до бурой и чёрно-бурой; брюхо беловатое. Самки светлее самцов. Молодые звери пятнистые. Предглазничные железы очень сильно развиты. Имеются также лобная, парная подбородочная и на задних конечностях — межпальцевая железы. Плюсневой железы нет. Диплоидное число хромосом 46.', 'Мунтжаки Длина тела 89—135 см, длина хвоста 13—23 см, высота в холке 40— 65 см, масса 40—50 кг. Тело приземистое на относительно коротких ногах, спина округлая. Шея короткая. Профиль головы прямой. На конце морды расположен безволосый участок кожи. Глаза и уши - средних размеров. Вершины ушей округлые. У самцов имеются простые (с очень небольшим надглазничным и иногда двумя концевыми отростками) рога длиной 4—25 см. Пеньки рогов очень длинные и далеко выступают за задний край черепа, рога же короткие с 1—3 отростками.', '58900', 3, '24.jpg', 36),
(25, 'Лисенок ', 'Лисица обыкновенная распространена весьма широко: на всей территории Европы, Северной Африки (Египет, Алжир, Марокко, северный Тунис), большей части Азии (вплоть до северной Индии, южного Китая и Индокитая), в Северной Америке от арктической зоны до северного побережья Мексиканского залива. Лисица была акклиматизирована в Австралии и распространилась по всему континенту, за исключением некоторых северных районов с влажным субэкваториальным климатом.\r\n\r\nРанее считалось, что в Америке живёт отдельный вид лисиц, но в последнее время его рассматривают как подвид рыжей лисицы.', 'Лисенок задает праздничное настроение! 100% гарантия улыбки каждому владельцу!', '4750', 3, '25.jpg', 35),
(26, 'Лисица', 'Окраска и размеры лисиц различны в разных местностях; всего насчитывают 40—50 подвидов, не учитывая более мелких форм. В общем, при продвижении на север лисицы становятся более крупными и светлыми, на юг — мелкими и более тускло окрашенными. В северных районах и в горах также чаще встречаются чёрно-бурые и другие меланистические формы окраски лисиц. Наиболее распространённый окрас лисы: ярко-рыжая спина, белое брюхо, тёмные лапы. Часто у лисиц присутствуют бурые полосы на хребте и лопатках, похожие на крест. Общие отличительные черты: тёмные уши и белый кончик хвоста. Внешне лисица представляет собой зверя среднего размера с изящным туловищем на невысоких, тонких лапах, с вытянутой мордой, острыми ушами и длинным пушистым хвостом.\r\n\r\nЛинька начинается в феврале-марте и заканчивается в середине лета. Сразу же после этого у лисицы начинает отрастать зимний мех, в который она полностью одевается к рубежу ноября и декабря. Летний мех гораздо более редкий и короткий, зимний — более густой и пышный. Лисы отличаются большими ушными раковинами-локаторами, при помощи которых они улавливают звуковые колебания. Уши для лис — «ловец» добычи.', 'Лисица, лиса, обыкновенная или рыжая лисица  — хищное млекопитающее семейства псовых, наиболее распространённый и самый крупный вид рода лисиц. Длина тела 60—90 см, хвоста — 40—60 см, масса — 6—10 кг.', '3800', 5, '26.jpg', 35),
(27, 'Карликовая декоративная зеленая мартышка верветка', 'Верветка одна из самых маленьких пород мартышек, ее вес достигает максимум 1,5 кг, поэтому она подходит для содержания в квартирах любого размера. Мартышки вскормленные с детства человеком, поэтому они очень привязаны и доброжелательные к людям. Это животное особенно понравится ребенку. Продаются в возрасте от пяти месяцев. Мартышки игривые, чистоплотные, приучены к памперсам, поводу. ', 'Верветка одна из самых маленьких пород мартышек, ее вес достигает максимум 1,5 кг, поэтому она подходит для содержания в квартирах любого размера. Мартышки вскормленные с детства человеком, поэтому они очень привязаны и доброжелательные к людям. ', '58900', 3, '27.jpg', 38),
(28, 'Самец зелёной мартышки', 'Продаётся самец зелёной мартышки. Совершенно ручной, но предпочитает мужскую компанию. Можно содержать как в качестве домашнего питомца, так и в качестве артиста. Его вполне можно содержать в квартире даже без клетки и обучить ухаживать за пришедшими гос­тями — снимать шляпу или ставить в угол зонтик. У вас есть все шансы воспитать не бесшабашного раз­бойника и шалуна, а умного и понимающего помощника. Наша мартыш­ка относится к тому виду живых существ, поведение которых во многом зависит от хозяев. Уверены, что при ласковом обращении с ней, мартышка бу­дет ориентировать свои устремления и помыслы только в одном направлении - заслужить вашу любовь, отчего вы, несомненно, останетесь в выигрыше.', 'Годовалый совершенно ручной самец зелёной мартышки', '48790', 2, '28.jpg', 38),
(29, 'Карликовые Африканские ёжики', 'Акция! Карликовые Африканские ёжики по доступной цене! Купить ёжика! Только летом и только сейчас! Карликовые африканские мини ёжики от 100 дол. Полностью ручные карликовые ежата различных цветом ( в пятнышку, соль с перцем, кофейные и др).\r\n\r\nПри покупки от 2 ух ежей цена 100 дол за штуку. Цена одного ежа 120 дол самец, 150 дол самка.\r\n\r\nКарликовые ёжики - это идеальный домашний питомец: полностью ручной, общительный, очень милый и потешный, в квартире не занимает много места, не пахнет, в туалет ходит на лоток, не линяет, ничего не грызет и не портит, не требует много внимания - одни только плюсы!', 'Акция! Карликовые Африканские ёжики по доступной цене! Купить ёжика! Только летом и только сейчас! Карликовые африканские мини ёжики от 100 дол. Полностью ручные карликовые ежата различных цветом ( в пятнышку, соль с перцем, кофейные и др).', '2570', 43, '29.jpg', 48),
(30, 'Развесёлые сибирские бурундуки', 'Предлагаем бурундуков, братьев белок из питомника. Это очень шустрые зверьки. В естественных местах обитания они скачут с утра до вечера и за час способны пробежать 12,2 километра. Поэтому просторное жилище для них жизненно необходимо. Они могут жить в больших, полностью металлических клетках с беговым колесом, но удобнее им будет в вольере.\r\n\r\nВ жилище бурундука должен быть домик - нора, сооружение наподобие скворечника Днем бурундук будет выносить из своего гнезда подстилку, чтобы она проветрилась. А вечером, собравшись спать, возвращать ее на место. Перед тем как лечь спать, бурундук закрывает все отверстия в своей норе, а утром открывает их. Бурундуки - заядлые индивидуалисты, они ведут одиночный образ жизни. Поэтому спокойно можно содержать бурундучка одного, без компании. Выпускать бурундука побегать по квартире можно тогда, когда он станет ручным: начнет подбегать на зов, брать корм из рук. Если он не захочет возвращаться в свое жилище, нужно дождаться, когда он проголодается, и заманить в вольеру его любимым кормом. Обеспечить бурундука едой легко. В неволе он всеяден. ', 'Предлагаем бурундуков, братьев белок из питомника. Это очень шустрые зверьки. В естественных местах обитания они скачут с утра до вечера и за час способны пробежать 12,2 километра. Поэтому просторное жилище для них жизненно необходимо. Они могут жить в больших, полностью металлических клетках с беговым колесом, но удобнее им будет в вольере.', '990', 56, '30.jpg', 48),
(31, 'Ручные бельчата', 'БЕЛЬЧАТА (возраст от 40 дней и старше)- полностью ручные бельчата. Есть сформированные пары белок. Очень ласковые, милые и преданные зверушки! Активны, игривы и очень сообразительны. Белки - грызуны (питаются орехами, кормами для грызунов, шишками, желудями и др.) Ручные бельчата - лучший подарок для любимых и для деток! Белки очень опрятны не имеют запаха (их могут содержать даже астматики и аллергики), в квартире ничего не портят. Для содержания необходима просторная клетка с толстыми ветками внутри. Можно сделать домик.', 'БЕЛЬЧАТА (возраст от 40 дней и старше)- полностью ручные бельчата. Есть сформированные пары белок. Очень ласковые, милые и преданные зверушки!', '1200', 33, '31.jpg', 48),
(32, 'Котята курильского бобтейла', 'Родиной этой породы считаются Курильские острова Кунашир и Итуруп, оттуда в конце XX века курильский бобтейл был завезен на материк.\r\n\r\nПервым шагом в развитии породы, уже получившей рабочее название «Курильский бобтейл», стало создание предварительного стандарта в Советской Фелинологической Федерации (СФФ). Уже по результатам первых вязок стало видно, что тип курильских кошек и короткий хвост наследуется стабильно, «хвост-помпон» не связан ни с какими вредными для здоровья кошек аномалиями. 21-го октября 1991 года СФФ приняло первый стандарт курильских бобтейлов.\r\n\r\nНа семинаре экспертов-фелинологов 4 декабря 1994 года Россия предложила доработать стандарт СФФ по аборигенным породам и подготовить материалы для утверждения новой породы WCF (World Cat Federation).\r\n\r\nПо состоянию на 9 июня 2009 года WCF и FIFe признают две породы курильского бобтейла: полудлинношёрстную и короткошёрстную.', 'Котята курильского бобтейла от читопородных родителей -  рыжий мраморный и персиковый окрас. Приучены к лотку, не боятся собак. Если у вас есть пес - бобтейл будет отличным другом вашему питомцу. Ботейл - одна из самых умных и ласковых пород кошек.  Ко всем прочим бонусам - коты-бобтейлы не метят территорию, гипоаллергенны и очень мало линяют.', '2200', 6, '32.jpg', 39),
(33, 'Шотландские котята', 'Кошка средних размеров, крепкого, гармоничного телосложения. Шерсть короткая, густая, эластичная, очень мягкая на ощупь, упругая, прилегающая к телу. Окрас может быть самым разнообразным: одноцветным (голубые, черные, белые, песочные, шоколадные (цвет молочного шоколада), кремовые), многоцветным (арлекин, ван), полосатым (различные табби-рисунки, мраморный, пятнистый, тигровый). Уши поставлены широко и сложены так, что их верхняя часть прикрывает ушное отверстие, то есть свисают вниз. Чем более плотно уши прижаты к голове, тем ценнее представитель этой породы. Глаза большие, круглые, открытые, широко поставленные. Глаза могут быть разных цветов, но должны соответствовать окрасу шерсти. Могут быть от жёлтого до янтарного, голубого или изумрудного цвета. Иногда попадаются кошки с разноцветными глазами. как правило это белые кошки с голубым и жёлтым глазами. Туловище растянутое, грациозное, отличается от британского коренастого типа. Плечи и бёдра одинаковой ширины, грудь объёмная, широкая. Ноги от средней длины до довольно длинной, крепкие, с круглыми изящными лапами. Хвост средней длины, у основания толстый и заостренный на конце. Ценятся особи с подвижным хвостом, так как в этой породе возможны изменения в суставах.\r\n\r\nУ некоторых шотландских вислоухих кошек встречаются более пушистые и толстые хвосты. Сначала это считалось положительной чертой. Но при этом наблюдалась и утолщенность задних лап, мешавшая нормальной походке кошки. Сегодня этот признак нежелателен, более того, влияет на оценку кошки и даже является причиной дисквалификации на выставке.', 'Кошка средних размеров, крепкого, гармоничного телосложения. Шерсть короткая, густая, эластичная, очень мягкая на ощупь, упругая, прилегающая к телу. Окрас может быть самым разнообразным: одноцветным (голубые, черные, белые, песочные, шоколадные (цвет молочного шоколада), кремовые), многоцветным (арлекин, ван), полосатым (различные табби-рисунки, мраморный, пятнистый, тигровый).', '1000', 5, '33.jpg', 39),
(34, 'котята Мейн-кун', ' Ласковые, игривые, красивенные, чистокровные котята породы мейн-кун ищут добрых и заботливых хозяев. Клубные котята от элитных производителей( есть все сертификаты и родословные). У котят отличные породные данные - длинное тело, великолепные длиннющие хвосты, супер ушки и кисточки, здоровые, ручные, быстро адаптируется к новой семье. Все наши котята растут в любви и заботе, они для нас как члены семьи (никаких клеток и вольеров). Ждем такого же к ним отношения от будущих хозяев..', ' Ласковые, игривые, красивенные, чистокровные котята породы мейн-кун ищут добрых и заботливых хозяев.', '12000', 4, '34.jpg', 39);
INSERT INTO `goods` (`id`, `name`, `description`, `short_description`, `cost`, `count`, `photo`, `category_id`) VALUES
(35, 'Шотландские котята', 'Шотландская вислоухая кошка обладает уравновешенным характером, большой привязанностью к дому и человеку, неприхотлива. Особенно нужно отметить голос кошки. Он непривычен, отличается от обычного мурлыканья, немного скрипуч. Ещё одна характерная особенность породы — умение стоять на задних лапах без особого усилия. Обычно эти кошки становятся на задние лапы, если их что-то заинтересовало, но они не могут рассмотреть предмет интереса. Эти кошки порой спят на спине, что для многих выглядит очень мило. Некоторые особи могут долго стоять, напоминая сурикатов. Котята шотландской вислоухой игривые, очень ручные, их можно дрессировать, по этой причине с ними нередко выступают на выставках. Легко приучаются к когтеточке, поэтому особых хлопот хозяевам не доставляют. Иногда котята смотрят телевизор. Хорошие компаньоны для игр детей, но если становится слишком шумно, могут испугаться. В семью, где есть маленькие дети, лучше брать подрощенных котят в возрасте 3-4 месяцев, так как они уже приспособлены к самостоятельной жизни и социальному общению.', 'Шотландская вислоухая кошка обладает уравновешенным характером, большой привязанностью к дому и человеку, неприхотлива. Особенно нужно отметить голос кошки. Он непривычен, отличается от обычного мурлыканья, немного скрипуч. Ещё одна характерная особенность породы — умение стоять на задних лапах без особого усилия.', '1300', 6, '35.jpg', 39),
(36, 'Котята Донского сфинкса', 'У донского сфинкса процесс облысения происходит из-за наличия в его генотипе доминантного аллеля Hbl.\r\n\r\nБесшёрстность разделяется на четыре основных типа:\r\n\r\nголые («пластилиновые», «резиновые») — полностью бесшёрстный кожный покров, горячий и липкий на ощупь (как резина или пластилин). Множественные складки на теле, особенно на голове, шее, в паху и на лапах. Чаще всего резиновые коты являются голорожденными. Наиболее ценные коты при разведении.\r\nфлок — кожа животного покрыта очень короткими мягкими волосками, которые невооружённым глазом практически незаметны (напоминает опушённость персика). На ощупь кожа более нежная. Обычно к двум годам такие коты «раздеваются» полностью.\r\nвелюр — волоски более длинные (2-3 мм) и заметные. С возрастом также могут пропадать. Названия флок и велюр произошли от названий тканей, тактильно напоминающие кожу этих котов.\r\nбраш — (англ. brush — щётка, щетинистый) — эти кошки имеют довольно длинную, жёсткую, извитую и редкую шерсть (как у старой щётки). Часто бывают участки облысения на голове, шее и поне. Такие представители не имеют фелинологической ценности, не получают титулы на выставках, хотя допускаются к экспертизе, однако используются в племенном разведении. Это обусловлено тем, что нельзя скрещивать двух голых животных, их котята вероятнее будут с большими мутациями и нежизнеспособны.', 'Кошку отличает мускулистое тело, лишённое шерсти, шелковистая и горячая на ощупь кожа, высокие, стройные лапы с длинными и тонкими пальцами, длинный хвост, выразительная морда, большие уши, крупные миндалевидные или чуть раскосые глаза. Отличаются большой привязанностью к людям при полном отсутствии агрессии. Ласковы, не злопамятны, игривы, но не навязчивы, достаточно тактичны и выдержаны.', '1300', 5, '36.jpg', 39),
(37, 'Бенгальские котята', 'Внешний вид внутри вида бенгальских кошек сильно различается. В Приморском крае они выглядят совсем иначе, чем на островах Индонезии. На юге базовая окраска их шерсти более жёлтая, как у леопарда, а на севере она преимущественно серо-коричневая. Шерсть покрыта тёмными пятнами, а на голове имеются чёрные полоски. У северных популяций пятна на шерсти имеют форму кругов, в то время как у южных популяций они не более чем чёрные мазки. Размер бенгальских кошек варьирует от 65 см (остров Ява) до метра (Приморский край), включая хвост, достигающий 20—40 см.\r\nБенгальские кошки всегда живут у воды. В тропических лесах они столь же хорошо приживаются, как и в хвойных лесах, в саваннах или в горах. Они избегают близости к людским поселениям и лишь иногда пересекают возделанные поля.\r\n\r\nОбласть распространения бенгальских кошек тянется от Приамурья, Кореи и Китая до Индии, Пакистана и Индонезии. Они встречаются на таких островах как Чеджудо, Цусима, Тайвань, Хайнань, Суматра, Ява, Борнео, Бали, Ломбок и некоторых островах Филиппин. На островах Юго-Восточной Азии бенгальские кошки представлены многочисленными подвидами, иногда считающимимся зоологами отдельными видами.', 'Внешний вид внутри вида бенгальских кошек сильно различается. В Приморском крае они выглядят совсем иначе, чем на островах Индонезии. На юге базовая окраска их шерсти более жёлтая, как у леопарда, а на севере она преимущественно серо-коричневая. Шерсть покрыта тёмными пятнами, а на голове имеются чёрные полоски. У северных популяций пятна на шерсти имеют форму кругов, в то время как у южных популяций они не более чем чёрные мазки. Размер бенгальских кошек варьирует от 65 см (остров Ява) до метра (Приморский край), включая хвост, достигающий 20—40 см.', '10900', 4, '37.jpg', 39),
(38, 'Абиссинские котята', 'Абиссинские кошки любящие и умные животные. Следует отметить, что они очень активные кошки, поэтому подходят не всем людям. Лучше выбрать более спокойную по характеру породу кошек, если вы устаете или вас раздражает высокая активность.\r\n\r\nАбиссинские кошки не любят долго сидеть на коленях, им интереснее участвовать во всех ваших делах. Не важно, чем вы занимаетесь, они будут полностью поглощены этим занятием.\r\n\r\nЭта порода кошек хорошо подходит для содержания в семье, лучше всего не совсем с маленькими детьми, а уже немного подросшими или подростками.\r\n\r\nАбиссинские кошки не голосистые. Голос, который они используют для коммуникации, похож на звон маленького колокольчика.\r\n\r\nОни предпочитают высокие места для обитания, например спинки стульев или холодильник.\r\n\r\nХорошо ладят с собаками и быстро дают им понять, кто в доме главный.\r\n\r\nАбиссинскую кошку можно научить брать и приносить небольшие предметы и ввиду своих собачьих повадок, часто нравятся мужчинам, которые ранее думали, что не любят кошек.\r\n\r\nКогда отношения уже установлены, нет более преданной породы кошек, чем абиссинская кошка.\r\n\r\nВозвращение домой хозяина праздник с бурей эмоций.\r\n\r\nБудучи кошками, ориентированными на человека, абиссинские кошки могут очень скучать, если оставить их одних на долгое время, поэтому иногда хорошо иметь дома еще животное для компании.', 'Тип шерсти: короткошерстные\r\nРазмер: маленькие и средние\r\nСтрана происхождения: не установлено', '13800', 6, '38.jpg', 39),
(39, 'Котенок манчкин', 'Манчкин — это коротколапые кошки. Их отличительные короткие лапки развились в результате спонтанной доминантной мутации, которые иногда случаются с домашними кошками. Позвоночник остался незатронутым и сходным по форме и гибкости с другими домашними кошками. Короткие лапы не препятствуют подвижности или способности к выживанию. Порода развилась путём случайного появления линий домашних котов с укороченными конечностями и скрещивания с другими домашними кошками. Манчкины превосходные, интеллигентные и лёгкие в обращении кошки. Они могут быть как длинношёрстными, так и короткошёрстными.\r\n\r\nДлина (MK): средняя.\r\nСолиды (ровноокрашенные окрасы) могут иметь менее плотную шерсть.\r\nДлина (ML): полудлинношёрстная.\r\nТекстура (MK): semi-plush, с хорошими защитными свойствами, эластичная и блестящая\r\nТекстура (ML): Гладкая, шелковистая, с хорошими защитными свойствами и умеренным, средним подшерстком. Лёгкий или умеренный пух допускается. Лохматые «штанишки» и пушистый хвост.', 'Манчкины — очень необычные кошки. При средней длине тела их лапки короче, чем у обычных кошек в 2-3 раза, из-за этой особенности их иногда называют таксами. Но внешним видом странности не ограничиваются. Тогда как обычные кошки, чтобы осмотреться, встают на задние лапки, манчкин садится на седалище и крепко упирается хвостом. В таком положении кошки могут находиться в течение довольно продолжительного времени, а свисающие по бокам коротенькие передние лапки придают сходство с кенгуру.', '4500', 5, '39.jpg', 39),
(40, 'Персидские котята', 'Персидские кошки не могут жить вне дома. В целом кошки этой породы отличаются ласковым характером и полным доверием к человеку. В семье часто выбирают хозяина, которого любят и уважают.\r\n\r\nОчень спокойны. Их голос редко слышится. Персы спокойно и настойчиво просят обратить внимание на них: они сидят около хозяина и пристально глядят ему в лицо. Они сопровождают всех домашних из комнаты в комнату, не боятся детей.\r\n\r\nНесмотря на то, что персы считаются вечно лежащими «диванными» кошками, они могут быть достаточно подвижны, когда с ними играют. Даже взрослые кошки с воодушевлением носятся за мячиком. Также любят ловить насекомых, случайно залетевших в дом.\r\n\r\nПерсы любопытны от природы, и любят обследовать все новые и незнакомые для них уголки комнаты.\r\nОтличительным признаком породы является маленький, широкий и курносый нос. Тип кошек с очень маленьким, вздёрнутым носиком называют «экстремальным», а относительно длинным и слегка вздёрнутым носиком — «классическим». Также выделяются короткие и мускулистые лапы. Экстремальный тип разводится в основном в США, а классический — в Европе.\r\n\r\nВес взрослой кошки может достигать 7 килограммов.\r\n\r\nСлишком плоский или слишком высокий череп, слезящиеся глаза, затрудненное дыхание, слишком лёгкое или растянутое тело относятся к серьёзным недостаткам, ровно как и слипшаяся, излишне напудренная или неровная шерсть. Наиболее частые недостатки кондиции — это колтуны или проплешины после вычесывания колтунов.', 'Персидские кошки не могут жить вне дома. В целом кошки этой породы отличаются ласковым характером и полным доверием к человеку. В семье часто выбирают хозяина, которого любят и уважают.\r\n\r\nОчень спокойны. Их голос редко слышится. Персы спокойно и настойчиво просят обратить внимание на них: они сидят около хозяина и пристально глядят ему в лицо. Они сопровождают всех домашних из комнаты в комнату, не боятся детей.\r\n\r\nНесмотря на то, что персы считаются вечно лежащими «диванными» кошками, они могут быть достаточно подвижны, когда с ними играют. Даже взрослые кошки с воодушевлением носятся за мячиком. Также любят ловить насекомых, случайно залетевших в дом.\r\n\r\nПерсы любопытны от природы, и любят обследовать все новые и незнакомые для них уголки комнаты.', '2000', 5, '40.jpg', 39),
(41, 'Американский керл-котята', 'Кошка средних размеров, пропорциональна, имеет красивую шелковистую шерсть средней длины с плотно прилегающими к телу волосками. Глаза могут быть разных цветов, но должны соответствовать окрасу шерсти, которая также может иметь разный цвет. Характерная черта — завёрнутые назад уши.\r\nИнтеллигентная, дружелюбная, игривая, нетребовательная, хорошо приспосабливается к новым условиям проживания.\r\nУши должны быть широкими у основания, с округлыми кончиками, плавным изгибом назад и углом разворота не менее 90 градусов и не более 180 градусов. Глаза должны быть либо в форме грецкого ореха, либо в форме вытянутого овала, чуть косо посаженными на расстоянии одного глаза друг от друга. Соответствие между цветом глаз и окрасом шерсти необязательно, за исключением колорпойнта, к которому требуются синие глаза. У полудлинношёрстных шерсть должна быть мягкой, шелковистой, полуприлегающей, с минимальным остом и опушёнными воротником и хвостом, у короткошёрстных — точно такая же, но без опушений и более короткая. Окрас может быть любым у обеих разновидностей.', 'Кошка средних размеров, пропорциональна, имеет красивую шелковистую шерсть средней длины с плотно прилегающими к телу волосками. Глаза могут быть разных цветов, но должны соответствовать окрасу шерсти, которая также может иметь разный цвет. Характерная черта — завёрнутые назад уши.', '13670', 3, '41.jpg', 39),
(42, 'Акита ину (Хатико) преданные плюшевые рыжики.', 'Акита — одна из 14 древнейших пород домашних собак. Об этом свидетельствуют данные археологических исследований, в результате которых были обнаружены останки шпицеобразных собак, датирующиеся примерно II тыс. до нашей эры. Помимо всего прочего, сохранились древние рисунки с изображением собак, напоминающих современных акита. Результаты генетических исследований показали, что акита является одной из 14 древнейших пород собак.\r\nДля сохранения и развития охотничьих качеств в Японии в VI веке были основаны клубы любителей этих собак. Они составляли инструкции по содержанию, разведению, обучению. В XV веке были учреждены племенные книги, в которых записывались кличка, происхождение, окрас и другие сведения.\r\n\r\nВо время Второй мировой войны использовали чаще немецких овчарок, владельцы акита стали скрещивать их с немецкими овчарками. После Второй мировой войны порода разделилась на три типа: акита матаги, бойцовская акита, овчарка-акита (акита матаги, скрещенная с немецкой овчаркой). В США на основе акита была выведена большая японская собака. Считается, что в Америку первых японских акита привезла Хелен Адамс Келлер.', 'Акита — одна из 14 древнейших пород домашних собак. Об этом свидетельствуют данные археологических исследований, в результате которых были обнаружены останки шпицеобразных собак, датирующиеся примерно II тыс. до нашей эры. Помимо всего прочего, сохранились древние рисунки с изображением собак, напоминающих современных акита. Результаты генетических исследований показали, что акита является одной из 14 древнейших пород собак.', '27600', 4, '42.jpg', 40),
(43, 'Далматинцы щенки', 'Далматин — достаточно крупная, сильная и выносливая собака, способная преодолевать большие расстояния. Пропорции тела весьма гармоничны. Отношение длины корпуса к высоте в холке составляет 10:9, длина черепа и длина морды 1:1. Темперамент далматина очень уравновешенный\r\n\r\nУ этой породы собак имеется одна особенность, которая должна быть определяющей в породе. Нос у чёрно-пятнистых собак должен быть всегда чёрный, у коричнево-пятнистых — всегда коричневый. Губы не должны быть отвисшими, желательна полная их пигментация, хотя допускается и частичная. Челюсти сильные, с безупречным ножницеобразным прикусом. Желателен полный комплект из 42 зубов в соответствии с зубной формулой. Любое отклонение от правильного прикуса считается пороком, не позволяющим использовать собаку в племенном разведении.', 'Собаки, имеющие в окрасе пятна и очень похожие на современных далматинов, были известны ещё в древние времена, например, археологические раскопки в Греции позволили увидеть разнообразные картины, на которых, наряду с людьми, были изображены очень похожие на современных далматинов собаки. А это значит, что далматины существуют уже несколько тысячелетий. Далматины — достаточно активные собаки, требующие больших нагрузок и долгих прогулок на свежем воздухе.', '1200', 6, '43.jpg', 40),
(44, 'щенки Мопса', 'Мопс — древняя китайская порода. В ранних китайских рукописях упоминаются «квадратные, низкие собаки с короткой мордой». В Китае существовали собаки «Ха Па» и «Ло Цзе». Две эти разновидности были очень схожи и различались только длиной шерсти. «Ха Па» были длинношёрстными. Вероятно предками мопсов были «Ло Цзе», они походили на пекинесов, но обладали короткой шерстью. Мопсы были собаками знати и проживали в богатых домах. В те времена у мопсов ещё не было столь глубоких морщин, но четкий рисунок складок на лбу проявлялся и был схож с иероглифами. Именно поэтому морщины на лбу мопса называли императорским знаком. Мопс попал во Францию с турецким флотом в 1553 году. Позже эта порода стала любима и в Нидерландах, где её окрас уподоблял цветам правящего дома Оранских. Когда Вильгельм III Оранский стал английским королем, он и его жена Мария II привезли в 1689 году мопсов из Нидерландов. Эта порода была весьма популярна около двух столетий. Но постепенно мопсов становилось меньше. В 1864 году для английской королевы Виктории, пожелавшей иметь у себя эту породу, с трудом разыскали одну собаку. Через 20 лет был создан первый клуб любителей мопсов, и благодаря ему порода начала улучшаться и приобретать те стандарты, которые и поныне ценятся в этих собаках. Первая жена Наполеона, императрица Жозефина, имела любимого мопса по кличке "Фортуна".', 'Мопс — маленькая декоративная собачка, которую издавна держала знать. Собака с живым, весёлым и при этом уравновешенным характером, благородная и привязчивая к хозяину. Мопсы живут 13—15 лет.', '3200', 6, '44.jpg', 40),
(45, 'Пит-бультерер', 'Питбули делятся на два основных типа — терьеры и бульдожий тип, также встречаются эти два смешанных типа. Вес не имеет строгих ограничений и может различаться — от 12 до 36 кг, но обычно 14—28 кг. Окрас у питбультерьера может быть любой (кроме окраса мерль), он может быть как сплошной, так и тигровый, а также с отметинами. Уши могут купироваться, могут не купироваться. Хвост не купируют. Голова может быть как по бульдожьи широкой и короткой, так и «шиломордой» по-терьеровски.\r\n\r\nХарактер у питбультерьеров очень волевой, они отличаются повышенной азартностью и сильным боевым духом. Питбультерьер неплохо чувствуют себя в обычной городской квартире, но при этом им просто необходимы регулярные спортивные прогулки и общение со своими сородичами. Даже наоборот питбультерьеру будет удобней в кругу семьи хозяина, так как постоянное одиночество может отрицательно повлиять на психику собаки. Уход за питбультерьером минимальный, раз в полгода собаку необходимо купать и периодически вычёсывать шерсть.', 'Питбули делятся на два основных типа — терьеры и бульдожий тип, также встречаются эти два смешанных типа. Вес не имеет строгих ограничений и может различаться — от 12 до 36 кг, но обычно 14—28 кг. Окрас у питбультерьера может быть любой (кроме окраса мерль), он может быть как сплошной, так и тигровый, а также с отметинами. Уши могут купироваться, могут не купироваться. Хвост не купируют. Голова может быть как по бульдожьи широкой и короткой, так и «шиломордой» по-терьеровски.', '2500', 4, '45.jpg', 40),
(46, 'Кавказская овчарка', 'Кавказская овчарка — порода, ведущая своё происхождение от древних собак Кавказа. Ареал распространения — территории, прилегающие к Кавказскому хребту, а также степные районы юга России.\r\n\r\nФормирование породы происходило не только в результате естественного отбора, но и под влиянием национальных традиций народов Кавказа.\r\n\r\nИсторически кавказские овчарки использовались для охраны стад и жилищ от хищников и агрессоров. Первое упоминание об использовании крупных догообразных собак войсками армянского царя Тиграна II относится к I веку до н. э.\r\n\r\nСелекционная работа с породой началась в СССР в конце 20-х годов XX века. В процессе селекции как обязательные качества всегда культивировались физическая сила, уверенность и бесстрашие, остро развитый слух, хорошее зрение, наличие густой, непроницаемой для осадков шерсти.\r\n\r\nВсе эти качества, а также выносливость позволяют людям использовать Кавказских овчарок в условиях различных климатических условий, включая и самые суровые.', 'Эта собака выше среднего роста. В холке её рост достигает 75 см. Вес взрослого самца составляет 50-70 кг, но может доходить и до 110 кг и более. Это одна из крупнейших пород собак. Шерсть у кавказских овчарок достаточно густая, они легко переносят сильные морозы и выглядят ещё более массивными за счет густого подшёрстка, особенно в зимний период времени. По длине шерсти выделяют три типа кавказских овчарок — короткошёрстные, промежуточные и длинношёрстные. Первый тип является наименее распространённым, самый популярный — третий. Окрас волче-серый, бурый, белый, палевый, с маской и без неё, рыжий и пёстрый.', '5680', 4, '46.jpg', 40),
(47, 'Лабрадор-ретривер', 'Лабрадор-ретривер является одной из самых популярных пород собак. Первоначально эта порода была выведена в качестве рабочей собаки, поэтому многие лабрадоры всё ещё используются в качестве подружейных собак, собак-поводырей, собак-спасателей. Порода берёт своё начало на о. Ньюфаундленд на восточном побережье Канады.\r\nРезультаты исследований показывают, что есть три версии о происхождении названия породы «Лабрадор». Первые лабрадоры были исключительно чёрными, по окрасу напоминая скальную породу «лабрадорит». Возможно, в честь этого камня лабрадоры и получили своё имя. Вторая версия гласит, что предки лабрадоров были выведены на полуострове Лабрадор. А третья, что лабрадоров так прозвали португальцы за их удивительную работоспособность, назвав их лабрадорами (labrador), что в переводе с португальского означает «труженик».', 'Лабрадор-ретривер является одной из самых популярных пород собак. Первоначально эта порода была выведена в качестве рабочей собаки, поэтому многие лабрадоры всё ещё используются в качестве подружейных собак, собак-поводырей, собак-спасателей. Порода берёт своё начало на о. Ньюфаундленд на восточном побережье Канады.', '5600', 6, '47.jpg', 40),
(48, 'Сибирский Хаски', 'Ездовые собаки русского Дальнего Востока ещё с неолита разводились аборигенными оседлыми народами, занимавшимися ловлей рыбы и охотой на морского зверя и принадлежавших к, так называемой, «охотской культуре». Потомки этих народов — нивхи, юкагиры-чуванцы, кереки, отчасти азиатские эскимосы, сохранили традицию разведения ездовых. Неслучайно эти районы соседние народы называли «страной собак» — имея достаточное количество корма — сушеной рыбы, они были в состоянии прокормить большое количество псов, необходимых для хорошей упряжки, для которой требовалось, как минимум, 9 собак.\r\n\r\nРазвитию ездового собаководства толчок дали в 17-18 веке русские люди, активно осваивавшие эти районы в поисках «мягкого золота» — им требовался транспорт для доставки товаров, почты и для езды должностных лиц. Появился и распространился новый тип более крупной и вместительной нарты, так называемый, «восточно-сибирский русский». И, соответственно, потребовалось большее количество собак для её транспортировки. Русские охотно нанимали местных каюров и активно обучались сами. Когда в 1920 г. Амундсен побывал у русских старожилов Колымы, то он восторженно написал: «В езде на собаках эти русские и чукчи стоят выше всех, кого мне приходилось видеть».\r\n\r\nКогда началась «Золотая лихорадка» на Аляске, резко возрос спрос на ездовых собак и у жителей Северной Америки. А так как русский Дальний Восток ими был освоен довольно неплохо (американские браконьеры активно вели китобойный и тюлений промысел в районах Чукотки, Камчатки и Охотского моря), то собак повезли с этих мест. Особо не разбираясь в этнографии, американцы делили местные народы на русских и чукчей.', 'Сибирский хаски— заводская специализированная порода собак, зарегистрированная американскими кинологами в 30-х годах XX века как ездовая собака полученная от аборигенных собак Дальнего Востока России, в основном из Анадыря, Колымы, Камчатки у местных оседлых приморских племён — юкагирам, керекам, азиатским эскимосам и приморским чукчам — собаководам — анкальын (приморские, поморы — от анкы (море)). Эта аборигенная ездовая собака Дальнего Востока является одной из древнейших пород собак. В настоящее время выведенная порода «сибирский хаски» используется не только как ездовая, но и как собака-компаньон и шоу-выставочная собака.', '6700', 3, '48.jpg', 40),
(49, 'Сенбернар', 'Название Сенбернар (фр. Chien du Saint-Bernard — собака святого Бернара) — произошло от монастыря святого Бернара в Швейцарских Альпах. В XI веке монах Бернар из Mентона[1] основал приют для путешественников, который, как и тропа, был назван его именем. Это же имя было присвоено местной породе собак. Участок был расположен на перевале Большой Сен-Бернар на высоте порядка 2472 м — в одном из самых высоких в то время населенных местах Европы. Он был трудным и опасным для путешественников из-за лавин, сильных ветров, крутых горных переходов и грабителей.\r\n\r\nВ XVII веке монахи решили использовать собак для спасения людей, пострадавших от лавин. Толстая шкура надёжно защищала собак от льда и снега, а их необычайный нюх позволял находить пострадавших, погребённых под снежными лавинами. Собаки сопровождали монахов в долину, и их способность чувствовать приближение лавин часто спасала путникам жизнь.\r\n\r\nВ то время сенбернары по внешнему виду отличались от сегодняшних. Они были менее массивными и потому отличались большой подвижностью. Самым знаменитым сенбернаром был Барри (первоначально порода носила название «барри» — искаженное от немецкого Bären, «медведи»), который в период с 1800-го по 1812-й год спас жизни сорока человек. Однажды Барри спас маленького мальчика и нес его на себе в монастырь 5 километров, по глубокому снегу. Разведение чистой породы началось в конце XIX в. Сейчас используются в качестве сторожевых и сопровождающих собак.', 'Сенбернар — порода собак. Различают две разновидности: короткошёрстную и длинношёрстную. Происходит от азиатских догообразных собак (тибетских мастифов), которых завозили в Европу и скрещивали с местными собаками. По другой версии, это римские боевые мастифы, которых римляне привели с собой в Альпы во время своих завоевательных походов.', '10900', 2, '49.jpg', 40),
(50, 'Померанский шпиц', 'Померанский шпиц (померанец) — декоративная порода собак. Некоторые кинологические федерации (например, МКФ) рассматривают померанца как разновидность немецкого шпица, другие (например, AKC) выделяют его в отдельную породу. Померанского шпица часто путают с немецким шпицем, но они отличаются внешне: у померанского шпица шерсть более ватная, мягкая и набивная, мордочка короткая, а у немецкого преобладает остевая шерсть и морда, как правило, более вытянутая. Померанский шпиц бывает миниатюрным (цвергшпиц) и малым, редко средним.\r\nНазвание произошло от названия исторической области в Германии — Померании. Это самый маленький представитель шпицев.\r\n\r\nВо времена правления королевы Виктории, в 1870 году, шпицы из Померании попадают в Англию, где начинается работа по созданию карликовой формы, улучшению «одежки» померанца и приданию ему общей изысканности. Красота лучших представителей английских и американских шпицев оказывает большое влияние на заводчиков всего мира, и постепенно шпицы в других странах видоизменяются, подтягиваясь к эталонному померанскому шпицу.', 'Померанский шпиц (померанец) — декоративная порода собак. Некоторые кинологические федерации (например, МКФ) рассматривают померанца как разновидность немецкого шпица, другие (например, AKC) выделяют его в отдельную породу. Померанского шпица часто путают с немецким шпицем, но они отличаются внешне: у померанского шпица шерсть более ватная, мягкая и набивная, мордочка короткая, а у немецкого преобладает остевая шерсть и морда, как правило, более вытянутая. Померанский шпиц бывает миниатюрным (цвергшпиц) и малым, редко средним.', '28790', 6, '50.jpg', 40);
INSERT INTO `goods` (`id`, `name`, `description`, `short_description`, `cost`, `count`, `photo`, `category_id`) VALUES
(51, 'Дискус', 'Биотопы бассейна Амазонки в течение года претерпевают существенные перемены:\r\n\r\nС наступлением в декабре сезона дождей, происходит разлив Амазонки. Тропические ливни и талые воды с высокогорий поднимают уровень воды в русле реки. Многие притоки в это время меняют направление течения на обратное, пока разливающаяся река не затопит огромные территории. В водоёмы с кристально чистой водой паводки приносят мутную глинистую воду. Окружающий Амазонку затопленный лес превращается в единое медленно текущее болото.\r\n\r\nК маю проливные дожди прекращаются. В воды затопленного леса перестаёт поступать речная вода и они постепенно становятся прозрачными.\r\n\r\nС июля в течение нескольких месяцев уровень воды значительно снижается. Появляется много изолированных водоёмов и небольших ручьёв, в которых вода приобретает чистоту и характерный тёмный цвет. Параметры воды в таких водоёмов могут достигать предельных значений мягкости, отсутствия электропроводности, стерильности. По свидетельству Х.Блехера дискусы обитают в «чёрной» воде среди зарослей прибрежных кустарников. Дно водоёмов устлано слоем гнилых листьев. Вода очень мягкая и довольно кислая. Корни прибрежной растительности большую часть года находятся под водой и служат укрытием и субстратом для нереста. С уменьшением уровня воды, рыба покидает укрытия и уходит на глубину, к центру водоёмов.\r\n\r\nДискусы не встречаются в больших реках и редко встречаются в местах интенсивных течений, заселяя множество мелких притоков и ручьёв. Таким образом затруднённое перемещение изолированных популяций приводит к формированию характерных признаков (прежде всего окраски) даже для сравнительно небольших изолированных групп. Такие локальные популяции могут насчитывать несколько сотен особей, проявляя признаки поведения стайных рыб.\r\n\r\nВ природе основу рациона дискусов составляют личинки насекомых и пресноводные креветки.', 'Symphysodon — symphysis, от др.-греч. σύν вместе, φύσις «природа» и ὀδούς «зуб». Термин относится к нескольким зубам над местом, где срастаются две половинки челюсти.\r\n\r\nAequifasciatus — aequus, латинское слово, означающее «равный»; fasciatus, латинское слово, означающее «полосатый». Термин относится к вертикальным тёмным полосам в окраске равнополосых дискусов, у которых, в отличие от «хеккелей», все полосы одинаково ярко выражены.', '15', 124, '51.jpg', 41),
(52, 'Фронтоза Бурунди', 'Малоподвижная рыба. В природных условиях обитает в стае на глубинах от 20 до 30 метров. Характерная особенность фронтозы – ночная жизнь. Именно в отсутствие света фронтозы охотятся на свою жертву. Фронтоза Бурунди – это аквариумные рыбки с очень яркой окраской. Уже по истечении пары дней нахождения в новом аквариуме, фронтоза готова брать еду из рук своего хозяина. Эти аквариумные рыбки являются представителями озера Танганьика. Хищник. Содержание в аквариуме с другими видами меньших размеров не желательно. Однако отговаривать Вас не станем. При достаточном объеме аквариума содержание с другими видами равного фронтозам размера вполне допустимо. Рекомендуется содержать в стае по 6 – 12 особей. Желательно создание в аквариуме сходства с природными условиями – установка скалистых декораций.\r\n\r\nРазличия внутри вида:	есть\r\nРазмер аквариума:	300 литров на пару\r\nПозиция в аквариуме:	средние и нижние слои\r\nХарактер:	агрессивные внутри вида\r\nУход за видом:	умеренно сложный\r\nТребования к воде:	dH: 10-25°, t: 24-28°C, pH: 7 – 9\r\nТребуемая подмена воды:	25% в неделю\r\nКормление:	сухие или мороженные корма\r\nРазмер взрослых особей:	35 сантиметров', 'Малоподвижная рыба. В природных условиях обитает в стае на глубинах от 20 до 30 метров. Характерная особенность фронтозы – ночная жизнь. Именно в отсутствие света фронтозы охотятся на свою жертву. Фронтоза Бурунди – это аквариумные рыбки с очень яркой окраской. Уже по истечении пары дней нахождения в новом аквариуме, фронтоза готова брать еду из рук своего хозяина. Эти аквариумные рыбки являются представителями озера Танганьика. Хищник. Содержание в аквариуме с другими видами меньших размеров не желательно.', '400', 5, '52.jpg', 41),
(53, 'Креветка Сакура\r\n', 'Neocaridina heteropoda var. Sakura имеет яркую вишневую окраску, во многом благодаря которой эти креветки и получили свое название. Самки немного больше самцов, имеют более округлое брюшко и кроме того более насыщенную окраску. Максимальный размер креветок достигает: самцов – 2,5 см, самок – 3 см.\r\n\r\nКреветка сакура любит чистую воду и весьма чувствительна к содержанию в воде аммиаку, нитритам и соединениям металла в воде. Параметры воды должны быть следующими: температура воды 23-26°С, хотя креветки легко переносят ее и в более широких пределах от 18 до 28°С, жесткость dH 5-20°, кислотность pH 6,4-7,8. Требуется эффективная фильтрация и аэрация воды, а также ее еженедельная подмена 1/3 части.\r\nАквариум должен иметь большое количество различных укрытий в виде гротов, коряг и больших камней, среди которых креветки скрываются. Также аквариум необходимо густо засадить растениями и мхами, на которых креветки сакура любят отдыхать. Если в аквариуме будет недостаточно укрытий, то креветки становятся слишком беспокойными и носятся по всему аквариуму. Следует иметь ввиду, что при первом заселении в аквариум креветки приобретают невзрачную окраску, но по мере того, как они адаптируются на новом месте их расцветка приобретает привычную насыщенную окраску.\r\n\r\nПитаются креветки сакура водорослями, образующимися на различных декоративных элементах в аквариуме. Также они хорошо едят листья шпината, салата, крапивы, различные корма в виде гранул и хлопьев, мотыль, дубовые листья и листья миндаля. По большому счету креветки являются своеобразными дворниками в аквариуме поедая корма, не съеденные рыбами и таким образом не давая им портиться и отравлять воду. Выдаваемый корм необходимо дозировать, чтобы креветки смогли его съесть за 2-3 часа.', 'Креветка Сакура выведена селекционным путем. До настоящего времени так и не понятно, кому первому удалось получить данный вид креветок, селекционерам Тайваня, Германии или вовсе из других стран. Следует сказать, что вишневая креветка (Red Cherry Shrimp) настолько популярна среди аквариумистов-любителей, что существует очень большая вероятность того, что креветка сакура была получена почти одновременно в разных уголках нашей планеты и секционировали ее от Red Cherry. Данных креветок очень легко содержать в аквариуме поэтому их смело можно рекомендовать для содержания начинающим аквариумистам.', '10', 1000, '53.jpg', 41),
(54, 'Жемчужный гурами ', 'Жемчужный гурами (Trichogaster leerii) — один из видов лабиринтовых рыб. Относится к распространённым аквариумным рыбкам. Обитает в Индии, на Малайском архипелаге, в Индонезии — на Суматре и Борнео, а также в Таиланде в мелких, густо заросших водоёмах. Самец длиной до 12 см, самка немного мельче. У самца плавники длиннее и острее, окраска ярче, грудь и брюхо, особенно в возбуждённом состоянии, оранжево-красноватые. Мирные и довольно пугливые.\r\n\r\nКак и другие лабиринтовые рыбы, жемчужные гурами обладают интересной особенностью — специальным органом, называемым за свою сложную форму «лабиринтом», с помощью которого они могут дышать атмосферным воздухом. Как у всех рыб, у жемчужных гурами есть и нормальные жабры, но они выполняют вспомогательную функцию. Если лишить гурами доступа к поверхности на продолжительное время, то рыбки задохнутся и погибнут.', 'Жемчужный гурами (Trichogaster leerii) — один из видов лабиринтовых рыб. Относится к распространённым аквариумным рыбкам. Обитает в Индии, на Малайском архипелаге, в Индонезии — на Суматре и Борнео, а также в Таиланде в мелких, густо заросших водоёмах. Самец длиной до 12 см, самка немного мельче. У самца плавники длиннее и острее, окраска ярче, грудь и брюхо, особенно в возбуждённом состоянии, оранжево-красноватые. Мирные и довольно пугливые.', '12', 456, '54.jpg', 41),
(55, 'Длинношерстная морская свинка', 'Морские свинки были одомашнены в 5 тысячелетии до н. э. племенами Анд Южной Америки (современные территории южной Колумбии, Эквадора, Перу и Боливии) для употребления в пищу, через несколько тысяч лет после одомашнивания верблюдовых Южной Америки[5]. Статуи, датируемые периодом от 500 года до н. э. до 500 года н. э., изображающие морских свинок, были найдены при археологических раскопках в Перу и Эквадоре. Люди культуры мочика поклонялись морским свинкам и изображали их на предметах искусства. С 1200 года и до испанского завоевания в 1532 году была проведена селекционная работа, позволившая вывести много пород морских свинок, некоторые из которых являются основами для современных домашних морских свинок.', ' Несмотря на название, не связаны с семейством свиней, так же как и не являются морскими животными и не связаны с Гвинеей. Были одомашнены инками и использовались в качестве источника ценного мяса, а также в декоративных целях.', '100', 49, '55.jpg', 42),
(56, 'Морская свинка', 'Длина тела от 25 до 35 см зависит от породы, хвост отсутствует, у породистых висячие ушки, широкая тупая мордочка. Взрослый самец морской свинки весит 1000—1500 г, а самка — 800—1200 г. Природная окраска коричневато-сероватая, с более светлым брюшком. Выведено много пород, различающихся структурой, длиной и окраской шерсти. Породы домашних морских свинок подразделяются на группы: короткошерстные (селфы, крестеды, гладкошерстные), длинношёрстные (шелти, тексели, перуанская, мерино, ангорская и прочие), жесткошерстные (абиссинцы, американские тедди, рексы и т. д.), породы без шерсти и с небольшим количеством шерсти (болдуин, скинни). Строение тела домашних морских свинок значительно отличается от строения тела их диких собратьев более округлыми формами.\r\nОсновной корм морских свинок — качественное сено, оно должно быть у них в свободном доступе как зимой, так и летом. По причине особого строения пищеварительной системы свинки потребляют пищу часто и маленькими порциями. Сено способствует нормализации работы пищеварительного тракта, кроме того, благодаря сену должным образом стачиваются зубы.\r\n\r\nСено должно лежать в клетке круглосуточно, норма для сухого корма — 1 столовая ложка в сутки на свинку. На втором месте — сочные корма (яблоко, салат, зрелая морковь, свекла и прочее). Вопреки расхожему мнению, белокочанную капусту свинкам давать можно. Но приучать к капусте нужно постепенно, ко всем новым продуктам нужно приучать, иначе у свинки может быть вздутие, понос и т. д. Сладкие фрукты, ягоды свинкам стоит давать лучше как лакомство. Летом свинок также кормят овощами. Для стачивания передних зубов свинкам дают маленькие веточки яблони, вишни, корень сельдерея, корень одуванчика и т. д.\r\n\r\nСено при этом тоже находится в клетке. Также дома можно проращивать овёс, пшеницу, горох, кукурузу.\r\n\r\nОдна из особенностей организма морской свинки в том, что аскорбиновая кислота в нём не вырабатывается. Зверьки получают её с сочными кормами, а при заболевании аскорбиновую кислоту необходимо выпаивать дополнительно. Добавлять витамин C в питьевую воду не очень хорошо, так как аскорбиновая кислота, будучи растворенной в воде, теряет на свету свои свойства.', 'Длина тела от 25 до 35 см зависит от породы, хвост отсутствует, у породистых висячие ушки, широкая тупая мордочка. Взрослый самец морской свинки весит 1000—1500 г, а самка — 800—1200 г. Природная окраска коричневато-сероватая, с более светлым брюшком. Выведено много пород, различающихся структурой, длиной и окраской шерсти. Породы домашних морских свинок подразделяются на группы: короткошерстные (селфы, крестеды, гладкошерстные), длинношёрстные (шелти, тексели, перуанская, мерино, ангорская и прочие), жесткошерстные (абиссинцы, американские тедди, рексы и т. д.), породы без шерсти и с небольшим количеством шерсти (болдуин, скинни). Строение тела домашних морских свинок значительно отличается от строения тела их диких собратьев более округлыми формами.', '300', 31, '56.jpg', 42),
(57, 'Конголезский попугай', 'Длина тела 25-29 см. Основная окраска оперения зелёная. Верхняя часть тела черновато-коричневая окаймлена зелёными перьями. Спинка снизу лимонная. Брюшко с лазурными штрихами. Лоб, сгиб крыла и «штанишки» оранжево-красные. Подхвостье чёрно-коричневое. Подклювье чёрное, надклювье красноватое с чёрным кончиком. Окологлазное кольцо серое. Радужка красно-оранжевая. Лапы тёмно-серые.\r\nВид включает в себя 3 подвида:\r\n\r\nPoicephalus gulielmi fantiensis Neumann, 1908 — длина тела 25-26 см. Светлее номинального подвида, лоб и голова оранжевые. У многих птиц отсутствует оранжевый цвет на «штанишках» и сгибе крыла. Перья спины и крыльев окаймлены более широкой зелёной полосой. Радужка коричневая. Распространён от Либерии до Камеруна.\r\nPoicephalus gulielmi gulielmi (Jardine, 1849) — номинальный подвид. Обитает на севере Анголы, юге Камеруна, севере Кении, в ЦАР.\r\nPoicephalus gulielmi massaicus (Fischer & Reichenow, 1884) — зелёный цвет оперения светлее, чем у номинального подвида, оранжевое пятно на голове меньше, на брюшке нет лазурных штрихов, чёрные перья верхней части тела окаймлены более широкой зелёной полосой. Обитает на юге Кении и севере Танзании.\r\nПодвид, выделенный Нойманом — Poicephalus gulielmi permistus — не достаточно отличается от номинального для выделения его в отдельный таксономический ряд.', 'Длина тела 25-29 см. Основная окраска оперения зелёная. Верхняя часть тела черновато-коричневая окаймлена зелёными перьями. Спинка снизу лимонная. Брюшко с лазурными штрихами. Лоб, сгиб крыла и «штанишки» оранжево-красные. Подхвостье чёрно-коричневое. Подклювье чёрное, надклювье красноватое с чёрным кончиком. Окологлазное кольцо серое. Радужка красно-оранжевая. Лапы тёмно-серые.', '16980', 4, '57.jpg', 43),
(58, 'Корелла', 'Длина с хвостом 30—33 см, а сам хвост 14—16 см; вес ок. 100 г. Характерной чертой является довольно высокий хохол на голове и длинный заострённый хвост. Окраска оперения у самцов и самок разная. Самец окрашен более ярко. Оперение у него тёмно-оливково-серое, хохолок и голова жёлтые. Маховые и рулевые перья бархатно-чёрные, с синевато-серым оттенком. Щёки, передняя часть головы и хохол сернисто-жёлтые, на щеках имеются оранжево-красные пятна. Клюв похож на клюв какаду, но значительно короче. Самки грязно-серого цвета, нижняя сторона тела с буроватым оттенком, на щеках бледно-коричневые пятна. Голова и хохолок у них бледно-серые с желтоватым оттенком. На внутренних опахалах маховых и рулевых перьев расположены овальные пятна бледно-жёлтого цвета, по внешним краям наружных рулевых перьев имеются жёлтые полосы с нижней стороны. У взрослых самцов таких пятен и полос нет. Окраска молодых птенцов такая же, как и у самок, только в возрасте 10—12 месяцев окраска их соответствует взрослым птицам. Из-за простоты разведения этих птиц в неволе было выведено много новых окрасов, что сильно усложняет определение пола. Вот самые известные вариации окрасов:\r\n\r\nАльбинос (белый с красными глазами). Его характеризует полное отсутствие пигмента. Окраска этих птиц полностью белая, иногда с кремовым налётом. Голова и перья, образующие хохолок, желтые. Пятна по бокам головы идентичны у особей обоего пола. Самец белее самки. У самки можно заметить бледно-желтые пятна на крыльях и перьях подхвостья, которые иногда создают впечатление мраморной окраски.\r\nБелый (с черными глазами). Этот подвид получается в результате скрещивания белых самок с серыми самцами (носителями гена белизны). Птицы отличаются достаточно интенсивным жёлтым налётом. У самца более светлые перья подхвостья, а два самых длинных пера в хвосте — чисто белые. У самки перья подхвостья имеют отчетливый мраморный рисунок, а перья хвоста — желтые.\r\nЛютино (жёлтый с красными глазами). Птица имеет жёлтую окраску и белые пятна на крыльях. У особей обоего пола имеются ярко-оранжевые пятна по бокам головы.\r\nСветло-серый. Появился от скрещивания серых и белых нимф с черными глазами. Имеет гораздо более светлую окраску по сравнению с серой нимфой, остальные характерные черты для полов сохраняются такими же.\r\nЦвета корицы. Наличие окраски цвета корицы связано с расстройствами в биохимических превращениях организма. Тёмный пигмент образуется при участии меланина (чёрный пигмент) и феомеланина (коричневый пигмент). Для того, чтобы сделать оттенки более светлыми или получить новые разновидности, часто скрещиваются нимфы цвета корицы с лютино. Светло-коричневая окраска появляется только вместо серой.\r\nТемно-желтоватый. Этот подвид появился при участии разновидности цвета корицы. Окраска птиц колеблется от тёмно-желтоватой до светло-кремовой. Посветление и изменение окраски также относится только к серым перьям.\r\nШеки (пегие). У этих попугаев серые перья, на которых располагаются неоднородные белые пятна. Самыми ценными являются те птицы, у которых серый и белый цвет присутствуют в одинаковых пропорциях, а пятна четкие и расположены симметрично. Белые пятна могут появиться неожиданно у других подвидов, определяемых окраской, например, у обычных серых, цвета корицы, лютино, жемчужно-серых. Считается, что шеки являются наилучшим исходным материалом для получения новых подвидов. В результате сочетания жемчужно-серой разновидности с шеками получаются жемчужно-серые шеки. У этих птиц белая голова, бело-жёлтый хвост, крылья и спина жемчужно-серые. После смены оперения самки сохраняют такой тип окраски, а у самцов остаётся окраска шека.', 'Длина с хвостом 30—33 см, а сам хвост 14—16 см; вес ок. 100 г. Характерной чертой является довольно высокий хохол на голове и длинный заострённый хвост. Окраска оперения у самцов и самок разная. Самец окрашен более ярко. Оперение у него тёмно-оливково-серое, хохолок и голова жёлтые. Маховые и рулевые перья бархатно-чёрные, с синевато-серым оттенком. Щёки, передняя часть головы и хохол сернисто-жёлтые, на щеках имеются оранжево-красные пятна. Клюв похож на клюв какаду, но значительно короче. Самки грязно-серого цвета, нижняя сторона тела с буроватым оттенком, на щеках бледно-коричневые пятна. ', '1250', 17, '58.jpg', 43),
(59, 'Сероголовый кольчатый попугай', 'Длина тела 56 см. Основная окраска оперения зелёная. Голова серая, затылок и темя с синеватым оттенком. Щёки и кроющие перья уха с лёгким желтоватым оттенком, Подбородок, широкая полоса на щеке, уздечка и лоб чёрные. Подхвостье желтовато-зелёно-оливковое. Радужка оранжево-красная. Ноги серые.\r\nМало изученный вид. Населяют мангровые заросли и девственные леса. Живут парами, вне брачного периода в небольших группах. Питаются семенами, плодами, ягодами, почками, предпочитают плоды пандана (лат. Pandanus ssp.).', 'Длина тела 56 см. Основная окраска оперения зелёная. Голова серая, затылок и темя с синеватым оттенком. Щёки и кроющие перья уха с лёгким желтоватым оттенком, Подбородок, широкая полоса на щеке, уздечка и лоб чёрные. Подхвостье желтовато-зелёно-оливковое. Радужка оранжево-красная. Ноги серые.', '2300', 3, '59.jpg', 43),
(60, 'Александров кольчатый попугай', 'Это самый крупный попугай среди ожереловых. Длина попугая с хвостом 45—58 см. Окраска оперения травянисто-зелёная, темя — с синим оттенком. На лопатках имеется бурое пятно, на лбу — узкая чёрная полоска, есть также чёрные «усы», начинающиеся от подклювья и тянущиеся назад по нижнему краю щёк. Самцы этого вида имеют широкое «ожерелье», которое на верхней части шеи розовое, а с боков шеи и до нижней части клюва — чёрного («галстук»). У самок и молодых птиц такого «ожерелья» нет. Клюв большой, ярко-красный, а у молодых попугаев он морковного цвета.\r\nОбитает в Южной Азии: Индии, Пакистане, восточном Афганистане, Иране, на острове Шри-Ланка и Андаманских островах, а также в ряде районов Юго-Восточной Азии (Мьянма, Вьетнам, Лаос).\r\nИх издавна держат как клеточных птиц. Первые упоминания и рисунки с их изображением относятся к временам Древнего Рима. Любители содержат этих попугаев за их ласковый нрав и красоту. Известны случаи, когда попугаи этого вида «заучивали» до 100 слов, но это очень редко, чаще их способности ограничиваются 10—15 словами. В условиях клеточно-вольерного содержания живут долго.', 'Это самый крупный попугай среди ожереловых. Длина попугая с хвостом 45—58 см. Окраска оперения травянисто-зелёная, темя — с синим оттенком. На лопатках имеется бурое пятно, на лбу — узкая чёрная полоска, есть также чёрные «усы», начинающиеся от подклювья и тянущиеся назад по нижнему краю щёк. Самцы этого вида имеют широкое «ожерелье», которое на верхней части шеи розовое, а с боков шеи и до нижней части клюва — чёрного («галстук»). У самок и молодых птиц такого «ожерелья» нет. Клюв большой, ярко-красный, а у молодых попугаев он морковного цвета.', '5500', 2, '60.jpg', 43),
(61, 'декоративный кролик', 'екоративный кролик был специально выведен для содержания в домашних условиях. Специалисты советуют приобретать его у заводчиков, в питомниках. В магазине часто не соблюдают правила ухода за зверьком и нет гарантии, что вы купите здоровое животное.\r\nВо время покупки расспросите заводчика о правилах ухода за питомцем, особенностях ухода за данной породой. Проверьте его родословную. Купите соответствующую литературу по уходу за декоративным кроликом, читайте информацию в разных источниках и не полагайтесь только на советы знакомых.\r\nСуществуют разные кролики: со стоячими ушами, «вислоухие кролики» — «бараны», карликовые кролики. Разновидности: карликовые львы, ангорские львы, карлики — лисицы. Очень красивы кролики с длинной шерстью, но их нужно ежедневно вычесывать. Подумайте, будете ли вы располагать временем на такую процедуру. Расчесывать нужно тщательно, начиная от концов, поднимаясь к корням волос. Если не выполнять такую работу, то у  кролика появятся колтуны — спутанная шерсть. А колтуны уже не расчесать,  так как это болезненная процедура для кролика, их нужно выстригать машинкой в специальных салонах. С короткошерстными кроликами  проблем в этом плане меньше.', 'Многие семьи для того, чтобы доставить удовольствие своему ребенку, решаются завести необычное животное. В последнее время стало модным и даже престижным, завести декоративного кролика. Решение взять крольчонка должно быть взвешенным и продуманным. Что такое декоративные кролики: уход и содержание животного в домашних условиях — вопросы, требующие от владельца немалых знаний, ответственности, серьезного подхода к решению данной задачи. Недаром говорится: « Мы в ответе за тех, кого приручили».', '150', 30, '61.jpg', 44),
(62, 'кролик европейское серебро', 'Животные этой породы обладают пропорциональным телосложением и прочной конституцией. Туловище длиною 57 см с мускулистым крупом, крепкое и достаточно сбитое имеет прямую спину, лапы крепкие и развитые с правильными пропорциями. Голова средней величины, на которой торчат прямые и короткие уши.\r\nОкрас лап, ушей и верха хвоста несколько темнее основного, такие же тёмные пятна расположены вокруг глаз. Кролики полтавское серебро имеют такой серебряный оттенок за счёт расположения и разного окраса волос: длинные чёрные направляющие волосы, составляющие ость – белого цвета, основа пуха имеет голубоватый оттенок. Лишь спустя четыре месяца после рождения появляется серебряный цвет шерсти у малышей и зависит он от густоты волосяного покрова.\r\nВес зрелого кролика в среднем равен 5-6 кг.', 'Всё началось много сотен лет тому назад в Индии. Испанцам понравились кролики породы серебристый за свой окрас и они завезли эту разновидность для разведения у себя на родине. Данная порода широко распространилась по европейской части континента, но почему-то наибольшую популярность получила во Франции, провинциальной Шампаньи.\r\nНазвание провинции осталось за этой породой, которая до сих пор признаётся основателем разновидностей кроликов с отливом серебра в шерсти. И только в 1952 году в СССР зафиксировано появление в Полтаве породы серебристый кролик. Советские селекционеры добились значительных успехов в усовершенствовании породы кроликов, названной полтавское серебро. Плодовитость этой породы была значительно повышена, улучшились показатели весового и молочного качества. Не удивляйтесь, если в дальнейшем название породы будет, то полтавское серебро, то советское серебро – это всё одна и та же разновидность этих кроликов.', '95', 56, '62.jpg', 44),
(63, 'Сирийский хомячок', 'Сирийский хомячок, или переднеазиатский хомяк  — грызун семейства хомяковых.\r\n\r\nСредних размеров хомяк, длина тела составляет до 13-13,5 сантиметров, из которых около 1,5 сантиметров приходится на хвост. Вес — до 100—125 граммов. Тело покрыто мягким и густым мехом золотистого цвета.\r\n\r\nВсеядны, питаются семенами и орехами, могут поедать различных насекомых — муравьёв, ос, тараканов и мух.\r\n\r\nВ природе обитают в окрестностях города Халеб, Сирия и, по некоторым данным, в восточной Турции. В последнее время данный вид стал популярным домашним животным по всему миру.', 'Сири́йский хомячо́к, или переднеазиатский хомяк  — грызун семейства хомяковых.\r\n\r\nСредних размеров хомяк, длина тела составляет до 13-13,5 сантиметров, из которых около 1,5 сантиметров приходится на хвост. Вес — до 100—125 граммов. Тело покрыто мягким и густым мехом золотистого цвета.', '60', 67, '63.jpg', 47),
(64, 'Джунгарский хомячок', 'Джунгарский хомячок — вид рода мохноногих хомячков семейства Хомяковые. Популярное домашнее животное.\r\n\r\nРост до 10 см, вес от 35 до 65 граммов, живут в среднем 2-3 года. В благоприятных условиях могут дожить до 4 лет. Данный вид грызунов имеет покрытые волосами ступни, тёмную полосу на спине (обычно серая), очень короткий хвост (часто его практически не видно, когда зверёк сидит). Мех отличается значительными белыми вкраплениями.\r\n\r\nРаспространён по сухим степям и полупустыням юга Западной Сибири, Восточного Казахстана, в Хакасии.\r\n\r\nДолгое время хомячок Кэмпбелла считался подвидом джунгарского хомячка. Однако в последнее время подтверждена видовая самостоятельность хомячка Кэмпбелла.\r\nВ естественной среде обитания джунгарские хомяки размножаются с марта по сентябрь, в неволе они размножаются круглый год. В помете может быть от 2 до 11 детенышей. Через месяц после рождения их уже надо отсаживать и разделять по половому признаку. Половая зрелость наступает с 4-6 недель, однако есть мнения, что столь ранняя беременность может быть опасна для самки. Рекомендуют начинать спаривание с 4-х месяцев. Срок беременности 21-26 дней. Размножившейся самке следует создавать спокойные комфортные условия содержания, так как в случае стресса самка может убить и съесть своё потомство. Также самка может проявлять агрессию по отношению к самцу. Самка готова к оплодотворению уже через 24 часа после родов. При беременности самца отсаживают от самки.', 'Джунгарский хомячок — вид рода мохноногих хомячков семейства Хомяковые. Популярное домашнее животное.\r\n\r\nРост до 10 см, вес от 35 до 65 граммов, живут в среднем 2-3 года. В благоприятных условиях могут дожить до 4 лет. Данный вид грызунов имеет покрытые волосами ступни, тёмную полосу на спине (обычно серая), очень короткий хвост (часто его практически не видно, когда зверёк сидит). Мех отличается значительными белыми вкраплениями.', '30', 74, '64.jpg', 47);
INSERT INTO `goods` (`id`, `name`, `description`, `short_description`, `cost`, `count`, `photo`, `category_id`) VALUES
(65, 'Красная украинская степная корова', 'Животные этой породы хорошо пере­носят жару, периодические летние засу­хи и хорошо используют скудный расти­тельный покров южных степей. Благода­ря хорошей адаптации к таким условиям красный степной скот получил широкое распространение на Кубани, Среднем По­волжье, в Западной Сибири, на Кавказе, а также в других странах.\r\nМасть животных красная с разной ин­тенсивностью окраски: от светло-красной до темно-красной. У многих коров имеют­ся белые отметины, главным образом на нижней части туловища. У быков перед­няя и верхняя части туловища обычно более темной окраски. Если отдельные жи­вотные имеют признаки скота молочно-мясного направления, то в массе коровы красной степной породы молочного типа и характеризуются следующими особеннос­тями экстерьера. Животные среднего рос­та (высота в холке у коров 126-129 см), с несколько глубоким и удлиненным туло­вищем (152-156 см); голова небольшая, легкая; грудь глубокая (66-68 см), сред­ней ширины (37-42 см); спина и поясни­ца достаточно широкие и длинные; крес­тец часто немного приподнят; костяк лег­кий (обхват пясти 17-19 см); вымя обычно хорошо развито, округлой и чашеобраз­ной формы; кожа тонкая, эластичная, об­разует мелкие складки на шее. Наиболее распространенные недостатки — узкий и свислый крестец, узкая грудь, неправиль­ная постановка конечностей.\r\nМолочная продуктивность коров этой породы считается хорошей. Средние удои составляют 3500-4000 кг, жир­ность молока— 3,7-3,9%, содержание белка — 3,2-3,5%. В племенных хозяй­ствах удои достигают 4000-5000 кг, интенсивность молоковыведения 1,3 — 1,5 кг/мин. От выдающихся коров по­лучают 10 000-12 000 кг молока за лактацию. Так, от коровы Морошки за 300 дней III лактации получено 12 426 кг молока жирностью 3,8%, от коровы За­явки 1910 (племзавод «Северо-Любинский» Омской области) за 305 дней III лак­тации надоили 11 100 кг молока жир­ностью 4,02%.\r\nТелки при рождении весят 28-35 кг, бычки — 30-40 кг, в возрасте 6 месяцев соответственно 140-180 кг и 160-200 кг, в 12 месяцев телки достигают живой мас­сы 240-260 кг, бычки — 275-300 кг, в 16-18 месяцев соответственно 340-400 кг и 380-440 кг. Живая масса коров 450-550 кг, быков-производителей — 800-900 кг, наивысшие показатели живой массы коров 830 кг, быков — 1280 кг.\r\nМясная продуктивность удовлетвори­тельная, убойный выход у бычков в 18 ме­сяцев составляет 52-55%.', 'Родиной красного степного скота является степная зона относительно умеренного пояса Украины, расположенная в бассейне реки Молочной и ее притоков и характеризую­щаяся сухим континентальным климатом.\r\nНачало формирования красной степ­ной породы относится к концу XVIII — началу XIX столетия. ', '25000', 3, '65.jpg', 9),
(66, 'Украинская черно-рябая молочная порода коров', 'Молочная продуктивность украинской черно-рябой молочной породы в значительной степени зависит от продолжительности лактации, срок которой связан со временем сервис и сухостойного периодов. При первом осеменения коровы - первенцы после отела продолжительность лактации зависит от срока сухостойного периода и может составлять 230 дней, в дальнейшем срок лактации возможно увеличить. Количество молока за лактацию, от коровы с коротким сервис-периодом, меньше чем от коровы с удлиненным сервис-периодом. Но слишком длительный сервис-период может привести к яловости.\r\nНеобходимо стремиться, чтобы у коров украинской черно-рябой молочной породы сохранялась оптимальная периодичность стельности, что в свою очередь будет способствовать увеличению производительности по стаду. Молочных коров принято осеменять в первую - третью охоту , чтобы сервис - период составлял 30-60 дней, для высокопродуктивных коров его можно продлить до 70-80 дней.\r\nПродолжительность сухостойного периода существенно влияет на количество надоя коров предыдущей лактацию и является определяющим условием получения нормального приплода, сохранения воспроизводимых свойств и увеличения производительности в будущей лактации. Генетические задатки коров проявляются в соответствующих условиях содержания, которые должны соответствовать нормативным параметрам согласно ВНТП -АПК - 01.05.', 'Молочная продуктивность украинской черно-рябой молочной породы в значительной степени зависит от продолжительности лактации, срок которой связан со временем сервис и сухостойного периодов. При первом осеменения коровы - первенцы после отела продолжительность лактации зависит от срока сухостойного периода и может составлять 230 дней, в дальнейшем срок лактации возможно увеличить. Количество молока за лактацию, от коровы с коротким сервис-периодом, меньше чем от коровы с удлиненным сервис-периодом. Но слишком длительный сервис-период может привести к яловости.\r\n', '17000', 4, '66.jpg', 9),
(67, 'Корова Лебединская', 'Лебединская порода скота создана путем скрещивания коров серой украинской породы со швицкими быками и последующего разведения лучших помесей II и III поколений “в себе” при оптимальных условиях кормления и содержания в течение многих поколений. Порода выведена и распространена, в основном, в Лебединском, Ахтырском, Тростянецком и других районах Сумской области. Утверждена в 1950 г. В настоящее время она является улучшающей в ряде районов Сумской, Черниговской и Харьковской областей. Численность скота Лебединской породы на 1 января 1990 г. составляла 410 тыс. голов.\r\n\r\nПо масти лебединский скот имеет много общего со швицким. В основном масть серо-бурая, с более темной окраской на передней части туловища и боках. Встречаются животные от почти серой до темно-бурой масти. Носовое зеркало темное. Промеры экстерьера коров (см): высота в холке 130—136, глубина груди 65—72, ширина груди за лопатками 42—49, косая длина туловища 156—160, обхват пясти 18—20. Конституция достаточно крепкая. Средняя живая масса полновозрастных быков 850—950 кг, максимальная 1000—1200 кг, живая масса коров на племенных фермах 500—650 кг, молодняка при рождении — 33—38 кг.\r\n\r\nЦеленаправленная племенная работа с породой в основных районах ее разведения обеспечивает получение от коров по 3100—4300 кг молока жирностью 3,76%.', 'Лебединская порода скота создана путем скрещивания коров серой украинской породы со швицкими быками и последующего разведения лучших помесей II и III поколений “в себе” при оптимальных условиях кормления и содержания в течение многих поколений. Порода выведена и распространена, в основном, в Лебединском, Ахтырском, Тростянецком и других районах Сумской области. Утверждена в 1950 г. В настоящее время она является улучшающей в ряде районов Сумской, Черниговской и Харьковской областей. Численность скота Лебединской породы на 1 января 1990 г. составляла 410 тыс. голов.', '32000', 2, '67.jpg', 9),
(68, 'Зааненская коза', 'Самая выдающаяся молочная порода среди многочисленных специализированных пород и отродий коз. Ее родина Швейцария (р-н Бернских Альп). Название получила от Зааненской долины (Зааненталь). Кроме направленной племенной работы большую роль сыграли исключительно благоприятные экологические условия. Зааненская долина на высоте более тысячи метров над уровнем моря славится прекрасным горным климатом, обильными альпийскими пастбищами, в избытке снабженными ключевой водой.\r\nКозы этой породы самые крупные в мире. Высота в холке племенных маток 75-77 и до 85 см, их живая масса в среднем 50-60 кг, максимальная до 90 кг. Племенные козы при высоте в холке 82-85 см весят 70-80 кг (до 100 кг). Конституция животных крепкая, сухая. Туловище длинное, глубокое и достаточно широкое. Желудочно-кишечный тракт и молочная железа хорошо развиты. Вымя шарообразное или грушеобразное с большим запасом и хорошо выраженными сосками. Костяк крепкий. Голова сухая, средней величины, комолая, с ушами, стоящими «рожком». На шее иногда кожные выросты — «сережки». Конечности правильно постановленные, крепкие. Кожа плотная, тонкая. Шерстный покров развит слабо, состоит из короткой ости без заметного пухового подшерстка. Масть белая. Пиг­ментные пятна встречаются на морде, ушах, вымени. Из недостатков телосложения у зааненских коз отмеча­ются иногда узкий крестец и плоский корпус, некото­рая слабость путовых и скакательных суставов.\r\n\r\nЗааненские козы отличаются высокой плодовитостью и скороспелостью. На 100 маток получают от 180 до 250 козлят. При рождении козочки весят 3,0 кг, козли­ки 4,5 кг; в 2-мес. — 9-10 и 10-12 соответственно; в 12 мес. — 30-35 и 38-45 кг. Лактационный период длится 10-11 месяцев. Яловых маток доят нередко в течение круглого года. За лактацию от животных надаивают в среднем 600-700 кг молока, от лучших племенных коз — более 1000 кг. Среднее содержание жира 3,8-4,5%. Ре­кордные удои зааненских коз равнялись: в 1929 г. — 2235 кг, в 1937 г. — 2482 кг, в 1952 г. — 2950 кг. Сухих веществ в молоке содержится — 13%, казеина — 2,62%, альбумина— 0,48%, жира— 4,5%, лактозы— 4,17%.', 'Самая выдающаяся молочная порода среди многочисленных специализированных пород и отродий коз. Ее родина Швейцария (р-н Бернских Альп). Название получила от Зааненской долины (Зааненталь). Кроме направленной племенной работы большую роль сыграли исключительно благоприятные экологические условия. Зааненская долина на высоте более тысячи метров над уровнем моря славится прекрасным горным климатом, обильными альпийскими пастбищами, в избытке снабженными ключевой водой.', '1350', 6, '68.jpg', 10),
(69, 'Тоггенбургская коза', 'Швейцарские молочные козы, разводят главным образом в кантоне Сан-Галлен. Названа по имени Тоггенбургской долины. Здесь мало пастбищ и они не такие обильные. Поэтому коз держат большей частью на стойловом содержании. Они выносливы, хорошо используют пастбище, веточный корм. По величине и живой массе уступают зааненским. Высота в холке племенных маток 70-75 см, весят они 45-55 кг, козлы 60-70 кг. Окраска у коз оригинальная — бурая. Вдоль морды тянутся две параллельные белые полосы. Уши, ноги также белые. Молочное зеркало — светлое. Шерсть косичного строения, на спине и бедрах — до 20 см. Конституция у коз сухая, телосложение характерное для животных молочного типа. Сильно развита молочная железа. Молочная продуктивность колеблется в широких пределах — от 400 до 1000 кг за лактацию. Среднее содержание жира около 4% (колебания от 2,9 до 7,9%). От чемпионки породы по жирномолочности матки Хиннерль получено за год 45,37 кг молочного жира. Рекордная продуктивность в условиях США достигала 2610 кг. Многоплодны — 2-3 козленка.\r\n\r\nНа основе тоггенбургских коз в Германии выведена новая порода — благородная тоггенбургская коза, в Великобритании — британская тоггенбургская.', 'Швейцарские молочные козы, разводят главным образом в кантоне Сан-Галлен. Названа по имени Тоггенбургской долины. Здесь мало пастбищ и они не такие обильные. Поэтому коз держат большей частью на стойловом содержании. Они выносливы, хорошо используют пастбище, веточный корм. По величине и живой массе уступают зааненским. ', '1890', 5, '69.jpg', 10),
(70, 'Русская белая коза', 'Выведена на основе длительной се­лекции по молочной продуктивности с учетом живой массы. Разводят эту породу в приусадебных хозяй­ствах в основном в Северо-Западных и Центральных районах России, особенно в Московской, Ленинград­ской, Ивановской, Ярославской областях. Направле­ние продуктивности молочное. Козы рогатые и комо­лые. Животные крупные, хорошо развитые, отлича­ются крепкой, сухой конституцией, правильными фор­мами телосложения. Живая масса козлов 55-70 кг, коз — 40-50 кг. За 7-8 месяцев лактации надаивают 400-600 кг молока жирностью 4,5-5,0%. Масть пре­имущественно белая, а также рыжая и серая. Шерст­ный покров состоит из грубой, короткой ости, под­шерстка почти нет. Плодовитость высокая и состав­ляет в среднем 190-220%.', 'Выведена на основе длительной се­лекции по молочной продуктивности с учетом живой массы. Разводят эту породу в приусадебных хозяй­ствах в основном в Северо-Западных и Центральных районах России, особенно в Московской, Ленинград­ской, Ивановской, Ярославской областях. Направле­ние продуктивности молочное. ', '1200', 6, '70.jpg', 10),
(71, 'Крупная белая порода свиней', 'Крупная белая порода  — самая известная в России. В результате долгой отечественной селекции английский тип крупных белых свиней кардинально изменен и улучшен. За период селекции фактически создана новая отечественная порода, которая по многим параметрам превосходит английскую крупную белую. Животные белого окраса, прекрасно сложены, у них крепкое здоровье. Корпус широкий, длинный, глубокий, с широкой спиной без «перехватов» за лопатками. Окорока хорошо выполненные. Конечности относительно небольшие, без складок кожи, с крепкими копытами и короткими упругими бабками. Кожа крепкая, эластичная, без складок. Щетина не грубая, гладкая, густо покрывает весь корпус. Вес взрослых хряков 340—360 кг, свиноматок — 230—260 кг. Длина  хряков 175—185 см, свиноматок 161—165 см. Многоплодие маток от 10 до 12 поросят при среднем весе каждого  1,1—1,3 кг, живая масса опороса на 21 день примерно 48—50 кг. К 2 месяцем, масса каждого поросенка примерно 16—18 кг. При интенсивном откорме молодняк в возрасте 7 месяцев имеет вес в 100кг при затрате 4—4,5 корм. единицы на 1 кг прироста.', 'Самая известная в России. В результате долгой отечественной селекции английский тип крупных белых свиней кардинально изменен и улучшен. За период селекции фактически создана новая отечественная порода, которая по многим параметрам превосходит английскую крупную белую. Животные белого окраса, прекрасно сложены, у них крепкое здоровье. ', '2800', 6, '71.jpg', 11),
(72, 'Свинья породы Мангал', 'Свиньи породы мангал получены путем скрещивания дикого кабана с карпатской мангалицей. Эти свиньи считаются элитой из всех травоядных пород.  Мангал принадлежит к свиньям мясного направления продуктивности, подобно литовской и латвийской белой, украинской степной белой, северокавказской и кемеровской.\r\n\r\n    У  мангала на  генетическом уровне заложена скорость наращивания мышечной ткани, а не жировой.\r\nПорода свиней мангал едят как животные, так и растительные корма, разнообразные пищевые отходы, продукты их переработки и технические остатки. Зимой их кормовой рацион состоит из сечки из стеблей кукурузы, сена, корнеплодов, желудей, каштанов, отходов спиртозаводов в виде кукурузной и пшеничной браги, костей, отрубей, субпродуктов низкой категории. Надо только приучить молодняк есть все. В летний период - сено и сечку заменяют разнотравьем, падалицей с фруктовых деревьев, ряской. Эти свиньи очень любят свежие побеги деревьев, особенно кору и корни дуба. Они не нуждаются в специальных условиях содержания. Разводить их можно как зимой, так и летом на выгуле. Осенью свиньи обрастают густой длинной шерстью цветом от черного с сероватым оттенком до светло-бурого. Если выращивать их в свинарнике, то они будут похожи на обычных свиней и щетина у них будет обычная. \r\n\r\n     Вес взрослого животного превышает 300 кг. Если планируется откорм на мясо, то поросят нужно кастрировать в 1-1,5 месячном возрасте, и тогда за полгода они быстро набирают вес. Половая зрелость наступает в 5-7 месяцев. Беременность длится около 116-120 дней. В приплоде обычно  12-16 голов. С 4-6 дней молодняк можно подкармливать жидкой болтушкой, зерном ячменя, а также костной мукой, мелом, красной глиной. В поилках всегда должна быть вода. В 3  недели поросята уже сами грызут яблоки, свеклу, едят траву, сено.\r\n\r\n    Свиней породы мангал можно не прививать, у них очень сильный иммунитет.  Мангалов выращивают во многих областях Украины, но поголовье их очень ограничено.', 'Свиньи породы мангал получены путем скрещивания дикого кабана с карпатской мангалицей. Эти свиньи считаются элитой из всех травоядных пород.  Мангал принадлежит к свиньям мясного направления продуктивности, подобно литовской и латвийской белой, украинской степной белой, северокавказской и кемеровской.\r\n\r\n    У  мангала на  генетическом уровне заложена скорость наращивания мышечной ткани, а не жировой.', '6000', 6, '72.jpg', 11),
(73, 'Свинья породы  Дюрок', 'Порода свиней  Дюрок   выведена свиноводами  в США из нескольких красных пород свиней.\r\n\r\nЗарегистрировали ее в 1883 году. Масть свиней дюрок не полностью красная, встречаются часто оттенки - от золотистого до темно-вишневого или желто-коричневого. Свиньи  крупного телосложения, с грубым костяком и жесткой щетиной, с маленькой головой и широкими висячими ушами, позднеспелые. \r\nДюрок имеет глубокую и широкую грудину, слегка выпуклую спину. Туловище компактное, средней длины, глубокое и широкое. Окорок полный. Конечности крепкие. О свинье дюрок можно более подробно прочитать перейдя по ссылке.\r\n\r\n         Главное преимущество породы свиней дюрок - фантастически быстрая скорость роста. По результатам исследований  у дюроков  самый большой привес за сутки при откорме – чуть более 1кг, при показателе по другим породам – максимум 962 г. Взрослые хряки достигают веса в 340-380 кг; матки 250-310 кг. Свиноматки неплодовиты - 9-10 поросят в опорос. Убойный выход свыше 86%. Общий вес поросят в трехнедельном возрасте  составляет всего 141 кг (по 14- 16кг). Поэтому чистопородное разведение дюроков массового распространения не получило. Их применяют для получения породных гибридов. Более подробно о создании и развитии породы свиней Дюрок можно прочитать перейдя по ссылке.', 'Порода свиней  Дюрок   выведена свиноводами  в США из нескольких красных пород свиней.\r\n\r\nЗарегистрировали ее в 1883 году. Масть свиней дюрок не полностью красная, встречаются часто оттенки - от золотистого до темно-вишневого или желто-коричневого. Свиньи  крупного телосложения, с грубым костяком и жесткой щетиной, с маленькой головой и широкими висячими ушами, позднеспелые. \r\n', '3400', 4, '73.jpg', 11),
(74, 'Арабская чистокровная', 'Одна из древнейших пород верховых лошадей. Выведена бедуинами в центральных районах Аравийского полуострова в IV-VI веке. До наших дней разводится "в чистоте", не смешиваясь с другими породами, и поэтому называется чистокровной.\r\n\r\nЭти лошади пропорционально сложены, но невелики. Их высота в холке 140-156 см. Голова у них с широким лбом и имеет часто характерный вогнутый "щучий" профиль. Шея красиво изогнутая "лебединая".\r\nОкруглый корпус имеет длину, равную высоте в холке. Ноги сухие, очень крепкие. Движения плавные, но достаточно быстрые. Масть серая, гнедая и рыжая.\r\n	\r\n\r\n\r\n\r\n\r\n\r\nСтатьи о лошадях / Теория верховой езды, Конный туризм, Natural HorsemanShip, Конкур-выездка-троеборье (езды),\r\nПороды лошадей от А до Я, Интересное о лошади, Уход за лошадьми, Анатомия-болезни-лечение, Лекарства для лошадей \r\n\r\nАрабская чистокровная\r\n\r\n\r\n\r\n\r\n\r\n 	 Одна из древнейших пород верховых лошадей. Выведена бедуинами в центральных районах Аравийского по╜луострова в IV-VI веке. До наших дней разводится "в чистоте", не смешиваясь с другими породами, и поэтому называется чистокровной. \r\n\r\nЭти лошади пропорционально сложены, но невелики. Их высота в холке 140-156 см. Голова у них с широким лбом и имеет часто характерный вогнутый "щучий" профиль. Шея красиво изогнутая "лебединая". \r\n\r\nОкруглый корпус имеет длину, равную высоте в холке. Ноги сухие, очень крепкие. Движения плавные, но достаточно быстрые. Масть серая, гнедая и рыжая. \r\n\r\nАрабская чистокровная\r\n\r\n\r\nАрабские чистокровные лошади обладают крепким здоровьем, выносливостью, живым, но уравновешенным темпераментом. Они хорошо акклиматизируются, широко распространены во многих странах мира. В Россию завезены в XVIII веке. \r\n\r\nИздавна использовались для улучшения местного коневодства, а также при выведении многих перловых и упряжных пород, в том числе чистокровной верховой в Англии и орловского рысака в России. Внутри чистокровной арабской породы существует несколько типов.\r\n', 'Одна из древнейших пород верховых лошадей. Выведена бедуинами в центральных районах Аравийского полуострова в IV-VI веке. До наших дней разводится "в чистоте", не смешиваясь с другими породами, и поэтому называется чистокровной.\r\n\r\nЭти лошади пропорционально сложены, но невелики. Их высота в холке 140-156 см. Голова у них с широким лбом и имеет часто характерный вогнутый "щучий" профиль. Шея красиво изогнутая "лебединая".', '150000', 6, '74.jpg', 13),
(75, 'Алтайская лошадь', 'Местная горная порода. Без существенных изменений сохранялась до 1930-1940 г. Ее формирование продолжалось в течение долгого времени под влиянием резкого континентального климата в природных условиях тайги.\r\n\r\nХарактеризовалась высокой приспособленностью к круглогодичному содержанию на подножном корме, большой выносливостью и хорошей работоспособностью в упряжи и под верхом или вьюком.\r\n\r\nАлтайские лошади скрещенные с английскими арабскими чистокровными породами имеют уникальные рабочие качества.\r\n	\r\n\r\n\r\n\r\n\r\n\r\nСтатьи о лошадях / Теория верховой езды, Конный туризм, Natural HorsemanShip, Конкур-выездка-троеборье (езды),\r\nПороды лошадей от А до Я, Интересное о лошади, Уход за лошадьми, Анатомия-болезни-лечение, Лекарства для лошадей \r\n\r\nАлтайская лошадь\r\n\r\n\r\n\r\n\r\n\r\n 	 Местная горная порода. Без существенных изменений сохранялась до 1930-1940 г. Ее формирование продолжалось в течение долгого времени под влиянием резкого континентального климата в природных условиях тайги. \r\n\r\nХарактеризовалась высокой приспособленностью к круглогодичному содержанию на подножном корме, большой выносливостью и хорошей работоспособностью в упряжи и под верхом или вьюком. \r\n\r\nАлтайские лошади скрещенные с английскимии арабскими чистокровными породами имеют уникальные рабочие качества. \r\n\r\nОни более крупные и массивные, такие же неприхотливые, как и типичные алтайские лошади. Помеси алтайских лошадей с Русскими и Советскими тяжеловозами используют для производства мяса и молока. \r\n\r\n\r\nВ настоящее время чистокровные алтайские лошади содержатся в Алтайском экспериментальном хозяйстве. Собрать их было нелегко - порода была выведена давно и постепенно она растворилась, смешалась с другими лошадьми. Лишь в отдалённых горных районах удалось найти чистопородных алтайских аборигенов. \r\n\r\nПромеры: Высота в холке - 135 - 147 см, обхват груди 170 см , обхват запястья - 18, 5 - 19 см. \r\n\r\nМасть: Основные масти: рыжий, гнедой, вороной, серый, иногда тигровый или леопардовый окрасы. \r\n\r\nЭкстерьер: Типичные алтайские лошади имеют среднюю высоту в холке, большой мощный корпус, мясистую шею, длинный , слегка опущенный и хорошо развитый круп, короткие и правильно поставленные ноги.\r\n', 'Местная горная порода. Без существенных изменений сохранялась до 1930-1940 г. Ее формирование продолжалось в течение долгого времени под влиянием резкого континентального климата в природных условиях тайги.\r\n\r\nХарактеризовалась высокой приспособленностью к круглогодичному содержанию на подножном корме, большой выносливостью и хорошей работоспособностью в упряжи и под верхом или вьюком.\r\n\r\nАлтайские лошади скрещенные с английскими арабскими чистокровными породами имеют уникальные рабочие качества.', '26000', 12, '75.jpg', 13),
(76, 'Порода Гронинген', '\r\n\r\nОна была выведена, прежде всего, как универсальная лошадь для различных сельскохозяйственных целей. Возникла путем скрещивания местных кобыл с ольденбургскими, восточно-фризскими и фризскими жеребцами и является тяжелым рабочим типом лошади. \r\n\r\nИспользовалась местными жителями для выполнения легких сельскохозяйственных работ и под седло. Многие годы гронинген пользовался популярностью как каретная лошадь, не такая тяжелая, как гельдерлендер, но надежная и работоспособная.\r\n\r\nГронинген славится своей неутомимостью, выносливостью и многосторонностью. Порода не оказала большое влияние на другие породы, но с ее помощью вывели голландскую теплокровную лошадь.\r\nС 1945 года количество гронингенов постепенно начало снижаться, поскольку снизился спрос на хороших рабочих лошадей, и в 1970 году порода практически исчезла - остался единственный чистокровный жеребец. Конезаводчикам пришлось приложить огромные усилия, чтобы восстановить породу с помощью олденбургских лошадей.\r\n\r\nСегодня у гронингенов улучшенный экстерьер, они компактнее и качественнее, с более косыми плечами благодаря олденбургскому влиянию. Высота гронингена от 155 до 160 см. Окрас гнедой, темно-гнедой или вороной.\r\n\r\nЭто среднетяжелая лошадь, которой присущи некоторая элегантность и стильность. Голова у нее достаточно длинная с ровным профилем и длинными ушами. Шея очень мускулистая и широкая у основания, холка хорошо выраженная и длинная. Плечи, которые были довольно прямые, что способствовало короткому шагу, в последнее время приобрели правильный угол.\r\n\r\nЭто лошади с мощной конституцией, широкой и глубокой грудью с большим обхватом. Спина довольно длинная, а круп плоский и очень мускулистый с высоко посаженным хвостом, который несется также высоко. Ноги короткие, но сильные, копыта твердые. Гронингены славятся прекрасным характером, они покладисты и экономичны в содержании.\r\n', '\r\n\r\nОна была выведена, прежде всего, как универсальная лошадь для различных сельскохозяйственных целей. Возникла путем скрещивания местных кобыл с ольденбургскими, восточно-фризскими и фризскими жеребцами и является тяжелым рабочим типом лошади. \r\n\r\nИспользовалась местными жителями для выполнения легких сельскохозяйственных работ и под седло. Многие годы гронинген пользовался популярностью как каретная лошадь, не такая тяжелая, как гельдерлендер, но надежная и работоспособная.\r\n\r\nГронинген славится своей неутомимостью, выносливостью и многосторонностью. Порода не оказала большое влияние на другие породы, но с ее помощью вывели голландскую теплокровную лошадь.\r\n', '18000', 22, '76.jpg', 13),
(77, 'Белый великан', ' Масса взрослого животного в среднем достигает теперь 5 кг, более крупные – до 6-8 кг, длина туловища около 60 см. Конституция кроликов этой породы крепкая, но нежная, с тонким крепким костяком, достаточно легкой головой и длинными широкими прямостоячими ушами. Грудь достаточно широкая, хорошо развитая, достигает в обхвате за лопатками 37 см. Спина прямая, длинная и узкая, круп широкий и округлый, ноги прямые, крепкие и длинные, поставлены широко. Новорожденные крольчата имеют массу около 90 г, при этом очень интенсивно растут – среднесуточный прирост около 25 г. К двум месяцам они набирают массу до 2  кг. В помете в среднем 7-8 крольчат. Материнские качества крольчих хорошие. Характерная черта – высокая молочность крольчих (200 гр. в сутки). Благодаря этому крольчат можно выращивать по типу бройлеров. Убойный выход кроликов несколько ниже, чем у Советской шиншиллы. Шкурка ценится за большие размеры и качество меха – он упругий, блестящий и густой. Белые шкурки используются для производства меховых изделий, шкурки желтоватого оттенка окрашивают  для имитации меха других пушных зверей. Белый великан хорошо приспособлен к условиям жизни в нашей местности, кроликов этой породы используют для совершенствования других пород.', 'Крупные кролики с чисто-белой шерстью без отметин, относятся к типичным альбиносам с красными глазами. Были выведены в Германии и Бельгии длительной селекцией кроликов-альбиносов породы Фландр и завезены в нашу страну в начале ХХ века. Кролики породы Белый великан отличалась низкой жизнеспособностью и малой плодовитостью, плохо приживалась в условиях нашей страны. Для улучшения породы отечественные селекционеры отбирали самых крепких животных и скрещивали их с мелкими кроликами породы Советская шиншилла и Серым великаном.', '70', 60, '77.jpg', 15);
INSERT INTO `goods` (`id`, `name`, `description`, `short_description`, `cost`, `count`, `photo`, `category_id`) VALUES
(78, 'Венский голубой', 'Венский голубой был завезен в нашу страну в период становления кролиководства и впоследствии усовершенствован для повышения живой массы и размеров. Первоначально его вес был 3,5-4 кг, отличительными особенностями были скороспелость и хорошее качество мяса. После селекционного отбора вес полновозрастных кроликов достигает 4,5 – 5 кг, в некоторых случаях до 7 кг, они стали хорошо приспособлены в климату нашей страны. Они характеризуются крепкой конституцией с плотным туловищем, широкой и глубокой грудью, удлиненной спиной и мускулистыми конечностями. Крольчихи высокоплодовитые, приносят в одном помете 8-9 крольчат массой 72 г. К двум месяцам крольчата набирают массу до 1,7 кг, к трем – 2,6, к четырем – 3 кг. Крольчихи имеют прекрасные материнские качества, что положительно отражается на сохранности крольчат. Кролики отличаются стойкостью к неблагоприятным условиям, хорошей сохранностью новорожденных крольчат в зимних условиях. От кроликов этой породы получают крупные шкурки с оригинальной окраской. Мех отличается большим количеством пуховых волос, что делает мех мягким и пушистым. Шкурки кроликов породы Венский голубой ценятся при изготовлении меховых изделий, как в натуральном виде, так и используются для имитации меха других пушных зверей.', 'Венский голубой был завезен в нашу страну в период становления кролиководства и впоследствии усовершенствован для повышения живой массы и размеров. Первоначально его вес был 3,5-4 кг, отличительными особенностями были скороспелость и хорошее качество мяса. После селекционного отбора вес полновозрастных кроликов достигает 4,5 – 5 кг, в некоторых случаях до 7 кг, они стали хорошо приспособлены в климату нашей страны. Они характеризуются крепкой конституцией с плотным туловищем, широкой и глубокой грудью, удлиненной спиной и мускулистыми конечностями.', '120', 54, '78.jpg', 15),
(79, 'Русский горностаевый', 'Это одна из старейших пород кроликов, широко распространенных в мире с различными названиями — Гималайский, Русский, Китайский, Африканский, Египетский, Сибирский, Виндзорский, Антверпенский, Горностаевый. Русский горностаевый получил такое название за качество меха, сходного по цвету с горностаем. Это кролики чисто-белого окраса, шкурка имеет сильный блеск, только уши, кончик носа, хвост и лапки имеют черный или темный коричневый цвет. Происхождение этой породы спорное, некоторые считают, что они были выведены на основе мелких горностаевых английских кроликов. Они были длиной до 40 см с массой до 2,5 кг. В настоящее время Русский горностаевый имеет массу около 3,8 кг, иногда достигая 4,9 кг, длина туловища до 51 см. Отличаются крепкой конституцией с плотным широким и слегка укороченным туловищем, грудь у них глубокая и широкая, конечности прямые и крепкие. Они хорошо акклиматизировались в наших условиях, выносливы и устойчивы к заболеваниям. Крольчихи достаточно высокоплодовитые и с хорошими материнскими качествами. Новорожденные крольчата совершенно белесые, со временем обрастают первичным белым волосяным покровом, затем появляется коричневая или черная пигментация. Мясо горностаевых кроликов очень вкусное, диетическое. Шкурки мелкого и крупного размера высоко ценятся благодаря густому плотному и блестящему волосяному покрову. Русский горностаевый разводится в основном в любительских хозяйствах', 'Это одна из старейших пород кроликов, широко распространенных в мире с различными названиями — Гималайский, Русский, Китайский, Африканский, Египетский, Сибирский, Виндзорский, Антверпенский, Горностаевый. Русский горностаевый получил такое название за качество меха, сходного по цвету с горностаем. Это кролики чисто-белого окраса, шкурка имеет сильный блеск, только уши, кончик носа, хвост и лапки имеют черный или темный коричневый цвет.', '75', 129, '79.jpg', 15),
(80, 'Стандартные нутрии', 'Стандартные нутрии, отличающиеся высокой плодовитостью, имеют бурую окраску волосяного покрова, которая может быть различных оттенков – от светло-коричневого до черно-коричневого и красноватого. Однако у большинства стандартных нутрий волосяной покров имеет темно-коричневый цвет.\r\nОбщий тон шерстного покрова в большинстве случаев зависит от окраса кроющих (самых длинных) волос, которые имеют неравномерную по длине стержня, так называемую зональную окраску. На брюшке кроющие волосы значительно светлее, чем на спине, а интенсивность пигментации их выше у основания по отношению к вершинам. По направлению к хребту осветленная часть кроющих волос становится все меньше, и уже на середине бока встречаются отдельные волосы, интенсивно окрашенные по всей длине.\r\n\r\nДля стандартных нутрий характерна слабая извитость пуховых волос, что при неблагоприятных условиях содержания и неправильном кормлении способствует сваливанию шерсти.\r\n\r\nБольшая часть направляющих волос полностью пигментирована на середине спины, по хребту. Поэтому интенсивность пигментации темноокрашенных и осветленных участков кроющих волос обусловливает наличие различных оттенков общего окраса стандартных нутрий.', 'Стандартные нутрии, отличающиеся высокой плодовитостью, имеют бурую окраску волосяного покрова, которая может быть различных оттенков – от светло-коричневого до черно-коричневого и красноватого. Однако у большинства стандартных нутрий волосяной покров имеет темно-коричневый цвет.', '50', 140, '80.jpg', 16),
(81, 'Черные нутрии', 'Остевые волосы – черного цвета, подпушь – темно-серого. Причем волосяной покров черных нутрий пигментирован по всей длине волоса, зонально окрашенные волоски встречаются только за ушами.\r\n\r\nПри скрещивании с представителями своей породы в первом поколении получается потомство черной окраски. В последующих поколениях могут появиться детеныши стандартной окраски с шерстью темно-коричневого оттенка.\r\n\r\nПри скрещивании черных нутрий со стандартными в первом поколении рождаются детеныши с черной или темно-коричневой окраской, но без зонально окрашенных волос на спине или боках. Однако с возрастом окраска у потомства, как правило, меняется и приобретает зональный характер, ярко выраженный в области головы и на боках. Таких нутрий называют черными зональными.', 'Остевые волосы – черного цвета, подпушь – темно-серого. Причем волосяной покров черных нутрий пигментирован по всей длине волоса, зонально окрашенные волоски встречаются только за ушами.', '80', 137, '81.jpg', 16),
(82, 'Жемчужные нутрии', 'Жемчужные нутрии были выведены путем скрещивания пастелевых нутрий со снежными и лимонными. Общая окраска представителей данной породы светлая: кроющие волоски – светло-серые, почти белые, одинаково окрашенные по всей длине; пуховые – коричневые на спине и осветленные на брюшке.\r\n\r\nЖемчужных нутрий нежелательно скрещивать с представителями своей породы, поскольку в этом случае плодовитость зверьков снижается на 25–30 %. Их рекомендуется спаривать с пастелевыми нутриями. В этом случае плодовитость не снижается, а в помете бывает 50 % детенышей жемчужной окраски.', 'Жемчужные нутрии были выведены путем скрещивания пастелевых нутрий со снежными и лимонными. Общая окраска представителей данной породы светлая: кроющие волоски – светло-серые, почти белые, одинаково окрашенные по всей длине; пуховые – коричневые на спине и осветленные на брюшке.', '75', 120, '82.jpg', 16),
(83, 'Домашняя курица', 'Куры весят от 1,5 до 5 кг в зависимости от породы. При этом петухи обычно тяжелее самок: разница в весе может составлять до 1 кг. Кроме того, существуют карликовые породы — от 500 г до 1,2 кг.\r\n\r\nУ кур ярко выражен половой диморфизм. Мужские особи отличаются от женских в первую очередь ярким оперением, которое особо выделяется на длинном пышном хвосте и шее. У петухов в нижней части плюсны образуются костные выросты — шпоры. И курица, и петух имеют на голове отчётливо различимую бородку и гребень. Они являются органами терморегуляции и позволяют перенаправлять кровоток к коже. В большинстве случаев гребень у петуха больше, чем у курицы. Различают гребни: листовидный (с несколькими зубцами), розовидный, стручковидный и других форм. У цыплят имеются менее выраженные гребень и бородка телесного цвета. Клюв слегка изогнутый. Окраска клюва и плюсны у большинства пород одинаковая: жёлтая, бело-розовая, чёрная и др. Цвет оперения разнообразный.\r\nБольшинство кур довольствуется незначительным пространством для помещения и прогулок. Не будучи очень чувствительными к неблагоприятным условиям погоды, они большей частью хорошо зимуют в простых сараях и хлевах. В условиях промышленного птицеводства кур содержат в птичниках (на полу или в клетках).\r\n\r\nСреди кур возможны случаи каннибализма, если любопытная птица начинает клевать затянувшуюся рану другой особи, а также при стрессе в связи с переполненностью курятников и при недостатке в рационе белков, метионина и определённых микроэлементов (в частности, серы). В промышленном производстве в целях предотвращения подобных происшествий (каннибализма, расклёва) и для повышения потребляемости корма применяется метод обрезания клюва (⅔ верхней и ⅓ нижней половины). Этот процесс (дебикирование) является болезненным для кур, поскольку их клюв пронизан тонкими нервными окончаниями.\r\n\r\nДомашняя курица обладает десятком звуковых сигналов. Сигнал тревоги чётко различает воздушного и наземного врага. Сигнал тревоги от первого — протяжный слитный крик, а сигнал тревоги от второго — дробный крик.', 'Куры весят от 1,5 до 5 кг в зависимости от породы. При этом петухи обычно тяжелее самок: разница в весе может составлять до 1 кг. Кроме того, существуют карликовые породы — от 500 г до 1,2 кг.', '30', 450, '83.jpg', 18),
(84, 'Гуси', 'Гуси отличаются клювом, имеющим при основании большую высоту, чем ширину, и оканчивающимся ноготком с острым краем. По краям клюва идут мелкие зубчики. Гуси отличаются шеей средней длины (более длинной, чем у уток, но короче, чем у лебедей), довольно высокими ногами, прикрепленными ближе к середине тела, чем у уток, и твёрдым бугром, или шпорой, на сгибе крыла.\r\n\r\nПерья и пух сильно развиты. Самцы практически не отличаются от самок — отличие состоит лишь в костном наросте «горбинке» в начале клюва у переносицы самца, а также в несколько более крупным размером тела.\r\n\r\nМногие гуси гогочут или издают бормочущие звуки, при опасности или в раздражении шипят.\r\nГуси живут на луговых и болотистых пространствах, некоторые на берегах морей; хорошо ходят и бегают; летают быстро, но плавают и ныряют хуже уток. На воде находятся гораздо меньше, чем утки и лебеди, большую часть жизни проводят на суше. Летят гуси на зимовку и на гнездования обычно по ночам на большой высоте, довольно быстро.\r\nПитаются почти исключительно растительной пищей, главным образом — зелёными частями растений и семенами. С помощью клюва, снабжённого острыми зубчиками по краям, они щиплют траву, злаки, капусту, обрывают листья, ягоды, стручки и колосья. Кроме растений некоторые виды едят ещё и мелких позвоночных и насекомых.', 'Гуси отличаются клювом, имеющим при основании большую высоту, чем ширину, и оканчивающимся ноготком с острым краем. По краям клюва идут мелкие зубчики. Гуси отличаются шеей средней длины (более длинной, чем у уток, но короче, чем у лебедей), довольно высокими ногами, прикрепленными ближе к середине тела, чем у уток, и твёрдым бугром, или шпорой, на сгибе крыла.\r\n\r\nПерья и пух сильно развиты. Самцы практически не отличаются от самок — отличие состоит лишь в костном наросте «горбинке» в начале клюва у переносицы самца, а также в несколько более крупным размером тела.\r\n\r\nМногие гуси гогочут или издают бормочущие звуки, при опасности или в раздражении шипят.', '40', 349, '84.jpg', 18),
(85, 'Утки ', 'Утки — это птицы средних и небольших размеров с относительно короткой шеей и цевкой, покрытой спереди поперечными щитками. Окраска оперения разнообразна, у многих видов на крыле имеется особое «зеркальце». Для ряда видов характерен резко выраженный в период размножения половой диморфизм, проявляющийся чаще всего в разной окраске оперения самца и самки. У большинства видов линька происходит дважды в году; летняя — полная, осенняя — частичная.\r\nДомашние утки произошли от кряквы. Селезни домашних уток весят 3—4 кг, утки — 2—3,5 кг. Средняя годовая яйценоскость до 250 яиц. Породы домашних уток подразделяются на мясные (пекинские, серые украинские, чёрные белогрудые), мясо-яичные (зеркальные, хаки-кемпбелл), яичные (индийские бегуны). Уток разводят во многих странах, в том числе в России.', 'Утки — это птицы средних и небольших размеров с относительно короткой шеей и цевкой, покрытой спереди поперечными щитками. Окраска оперения разнообразна, у многих видов на крыле имеется особое «зеркальце». Для ряда видов характерен резко выраженный в период размножения половой диморфизм, проявляющийся чаще всего в разной окраске оперения самца и самки. У большинства видов линька происходит дважды в году; летняя — полная, осенняя — частичная.', '45', 158, '85.jpg', 18),
(86, 'Индейки ', 'Индейки (Meleagris Linnaeus, 1758) — род фазановых из отряда курообразных (лат. Galliformes), включающий два вида крупных птиц, которые водятся в лесах Америки от центральных и восточных штатов США на юг до Гватемалы. Составляет единственный род подсемейства индейковых Meleagridinae.\r\nГолова и передняя часть шеи голые, бородавчатые с мясистыми лопастями («бородавками») у основания верхней половинки клюва и на горле.\r\n\r\nНекоторые перья передней части груди щетинистые. Третье маховое перо длиннее всех. Хвост 18-пёрый, широкий и может подниматься.\r\n\r\nПлюсна длиннее среднего пальца с короткой, тупой шпорой.\r\nИндейка (M. gallopavo) встречается в диком состоянии в лесах Северной Америки, по берегам Миссури и Миссисипи, где отличается значительной величиной (самцы весят до 8 кг).\r\n\r\nГлазчатая индейка (M. ocellata) обитает в Центральной Америке.', 'Индейки (Meleagris Linnaeus, 1758) — род фазановых из отряда курообразных (лат. Galliformes), включающий два вида крупных птиц, которые водятся в лесах Америки от центральных и восточных штатов США на юг до Гватемалы. Составляет единственный род подсемейства индейковых Meleagridinae.', '60', 120, '86.jpg', 18),
(87, 'Пчёлы', 'Пчёлы играют важную роль в опылении цветущих растений, являясь самой многочисленной группой опылителей в экосистемах, связанных с цветами. В зависимости от текущей потребности, пчёлы могут сконцентрироваться как на сборе нектара, так и на сборе пыльцы. И в первом, и во втором случае пчёлы способствуют опылению растений, но в случае со сбором пыльцы этот процесс проходит гораздо более эффективно.\r\n\r\nТело большинства пчёл покрыто многочисленными электростатическими ветвистыми ворсинками, способствующими прилипанию и переносу пыльцы. Периодически они счищают с себя пыльцу, собирая её щёточками (щетинковидными волосками, у большинства видов расположенными на лапках, а у некоторых на брюшке) и затем переносят её в специальную корзиночку для пыльцы (corbicula), расположенную между задних лапок. Многие виды пчёл склонны собирать пыльцу только с определённых видов, другие в этом вопросе не так категоричны и пользуются большим разнообразием цветущих растений. Небольшое количество растений вместо пыльцы вырабатывает питательное цветочное масло, на сборе которого специализируются только определённые виды пчёл. Небольшая подгруппа не жалящих пчёл (Meliponini) приспособилась к поеданию падали — это единственные пчёлы, не питающиеся продуктами растений. Пыльца и нектар смешиваются вместе, образуя вязкую питательную массу, которая складывается в небольшие ячейки (соты). Поверх массы откладываются яйца будущих пчёл, после чего ячейка герметически закрывается так, что впоследствии взрослые пчёлы и их личинки не контактируют.\r\n\r\nПчёлы в качестве опылителей крайне важны в сельском хозяйстве, и это приводит к тому, что фермеры во многих странах договариваются с пчеловодами о взаимовыгодном разведении пчёл вблизи сельскохозяйственных угодий. Монокультура (то есть длительное и непрерывное выращивание растений одного вида на одном и том же участке) и сокращение численности опыляемых растений приводит к сезонной миграции пчеловодов по территории, где в нужное время требуется опылить определённые растения. Пчёлы также играют очень важную, хотя и не до конца изученную, роль в питании птиц и других представителей дикой природы. Многие дикие пчёлы живут вдали от сельскохозяйственных угодий и иногда становятся жертвами специальных программ по уничтожению комаров, непарного шелкопряда (Lymantria dispar) и других насекомых-вредителей.', 'Пчёлы (ед. ч. пчела; лат. Anthophila) — секция в надсемействе Apoidea летающих насекомых подотряда Стебельчатобрюхие отряда перепончатокрылых, родственное осам и муравьям. Наука о пчёлах называется апиология (апидология).', '5', 558, '87.jpg', 49);

-- --------------------------------------------------------

--
-- Структура таблицы `orders`
--

CREATE TABLE IF NOT EXISTS `orders` (
  `id` int(11) NOT NULL AUTO_INCREMENT,
  `order_list` text NOT NULL,
  `customer_name` varchar(255) NOT NULL,
  `customer_surname` varchar(255) NOT NULL,
  `delivery_id` int(11) NOT NULL,
  `payment_id` int(11) NOT NULL,
  `order_status_id` int(11) NOT NULL,
  `adress` varchar(255) NOT NULL,
  `city_id` int(11) NOT NULL,
  `customer_email` varchar(255) NOT NULL,
  `customer_phone` varchar(30) NOT NULL,
  PRIMARY KEY (`id`),
  KEY `delivery_id` (`delivery_id`),
  KEY `payment_id` (`payment_id`),
  KEY `order_status_id` (`order_status_id`),
  KEY `city_id` (`city_id`)
) ENGINE=InnoDB  DEFAULT CHARSET=utf8 AUTO_INCREMENT=10 ;

--
-- Дамп данных таблицы `orders`
--

INSERT INTO `orders` (`id`, `order_list`, `customer_name`, `customer_surname`, `delivery_id`, `payment_id`, `order_status_id`, `adress`, `city_id`, `customer_email`, `customer_phone`) VALUES
(2, 'Тестовый вариант. Для получения заказа раскомментируй строки 35-45, 56 файла ордерконтроллер.', 'name1', 'surname1', 3, 1, 1, 'adress1', 4, 'mail111@mail', '09309998787'),
(3, 'Тестовый вариант. Для получения заказа раскомментируй строки 35-45, 56 файла ордерконтроллер.', 'name1', 'surname1', 3, 1, 1, 'adress1', 4, 'mail111@mail', '09309998787'),
(4, 'Тестовый вариант. Для получения заказа раскомментируй строки 35-45, 56 файла ордерконтроллер.', 'name1', 'surname1', 3, 1, 1, 'adress1', 4, 'mail111@mail', '09309998787'),
(6, 'Тестовый вариант. Для получения заказа раскомментируй строки 35-45, 56 файла ордерконтроллер.', 'name1', 'surname1', 3, 1, 1, 'adress1', 4, 'mail111@mail', '09309998799'),
(7, 'Тестовый вариант. Для получения заказа раскомментируй строки 35-45, 56 файла ордерконтроллер.', 'name', 'surname1', 1, 1, 1, 'adress', 1, 'mail@mail', '09309998787'),
(8, 'Тестовый вариант. Для получения заказа раскомментируй строки 35-45, 56 файла ордерконтроллер.', 'name', 'surname1', 1, 1, 1, 'adress', 1, 'mail@mail', '09309998787'),
(9, 'Тестовый вариант. Для получения заказа раскомментируй строки 35-45, 56 файла ордерконтроллер.', 'name', 'surname1', 1, 1, 1, 'adress', 1, 'mail@mail', '09309998787');

-- --------------------------------------------------------

--
-- Структура таблицы `order_status`
--

CREATE TABLE IF NOT EXISTS `order_status` (
  `id` int(11) NOT NULL AUTO_INCREMENT,
  `order_status` varchar(255) NOT NULL,
  PRIMARY KEY (`id`)
) ENGINE=InnoDB  DEFAULT CHARSET=utf8 AUTO_INCREMENT=5 ;

--
-- Дамп данных таблицы `order_status`
--

INSERT INTO `order_status` (`id`, `order_status`) VALUES
(1, 'выполнен'),
(2, 'заказ в процессе обработки'),
(3, 'подтвержден'),
(4, 'отменен');

-- --------------------------------------------------------

--
-- Структура таблицы `payment`
--

CREATE TABLE IF NOT EXISTS `payment` (
  `id` int(11) NOT NULL AUTO_INCREMENT,
  `payment_type` varchar(255) NOT NULL,
  PRIMARY KEY (`id`)
) ENGINE=InnoDB  DEFAULT CHARSET=utf8 AUTO_INCREMENT=4 ;

--
-- Дамп данных таблицы `payment`
--

INSERT INTO `payment` (`id`, `payment_type`) VALUES
(1, 'Предоплата'),
(3, 'Наличными');

--
-- Ограничения внешнего ключа сохраненных таблиц
--

--
-- Ограничения внешнего ключа таблицы `categories`
--
ALTER TABLE `categories`
  ADD CONSTRAINT `categories_ibfk_1` FOREIGN KEY (`parent_id`) REFERENCES `categories` (`id`);

--
-- Ограничения внешнего ключа таблицы `goods`
--
ALTER TABLE `goods`
  ADD CONSTRAINT `goods_ibfk_1` FOREIGN KEY (`category_id`) REFERENCES `categories` (`id`);

--
-- Ограничения внешнего ключа таблицы `orders`
--
ALTER TABLE `orders`
  ADD CONSTRAINT `orders_ibfk_1` FOREIGN KEY (`payment_id`) REFERENCES `payment` (`id`),
  ADD CONSTRAINT `orders_ibfk_2` FOREIGN KEY (`delivery_id`) REFERENCES `delivery` (`id`),
  ADD CONSTRAINT `orders_ibfk_3` FOREIGN KEY (`order_status_id`) REFERENCES `order_status` (`id`),
  ADD CONSTRAINT `orders_ibfk_4` FOREIGN KEY (`city_id`) REFERENCES `cities` (`id`);

/*!40101 SET CHARACTER_SET_CLIENT=@OLD_CHARACTER_SET_CLIENT */;
/*!40101 SET CHARACTER_SET_RESULTS=@OLD_CHARACTER_SET_RESULTS */;
/*!40101 SET COLLATION_CONNECTION=@OLD_COLLATION_CONNECTION */;
